Username;Comment;Time
@HudaQHzIR;menang besar bikin hari ini makin seru, cuma di 𝘿 𝐄 W A 𝘋 О 𝑅 А! 🧘;1 hari yang lalu
@AnjaliBHliC;Langsung dapet jakpot gede, coba main di 𝘿 𝐄 W A 𝘋 О 𝑅 А dan buktikan sendiri! 🍩;1 hari yang lalu
@HuiZH0Mb;Main di 𝘿 𝐄 W A 𝘋 О 𝑅 А bikin kantong tebal, rezeki melimpah ruah! 6⃣;1 hari yang lalu
@FitrisC7ty;Bermain di 𝘿 𝐄 W A 𝘋 О 𝑅 А membuka jalan, dari karyawan biasa ke pengusaha sukses. 🏎;1 hari yang lalu
@MinoC0kQ;Malam ini dapet jakpot gede, terima kasih 𝘿 𝐄 W A 𝘋 О 𝑅 А! Nggak mau ketinggalan kan? 🍙;1 hari yang lalu
@FitriGrK8T;Hari yang begitu indah dan penuh kebahagiaan bersama 𝘿 𝐄 W A 𝘋 О 𝑅 А, rezeki datang menghampiri tanpa diduga! 🟤;1 hari yang lalu
@Wei1uLIN;Jika Anda mencari platform yang mendorong pertumbuhan, 𝘿 𝐄 W A 𝘋 О 𝑅 А-layak dicoba. 🍭;1 hari yang lalu
@FitriixxGR;Coba-coba main 𝘿 𝐄 W A 𝘋 О 𝑅 А, eh malah jadi pro, cuan terus nih! 3⃣;1 hari yang lalu
@FaizYg4wX;Rezeki nomplok dari 𝘿 𝐄 W A 𝘋 О 𝑅 А! Modal kecil, hasilnya luar biasa! Pasti balik lagi. 🐣;1 hari yang lalu
@PriyaG8Gi5;Berkat 𝘿 𝐄 W A 𝘋 О 𝑅 А saya berubah, dari pegawai harian jadi bos usaha. 🏦;1 hari yang lalu
@violetlunardevi;𝐁𝐓𝐕❶❻❽ bikin lupa masalah, hiburan yang hakiki!;1 hari yang lalu
@olivejacqueen;Top banget 𝐁𝐓𝐕❶❻❽, jepe tiada henti.;1 hari yang lalu
@karinejulia-p2b;𝐁𝐓𝐕❶❻❽ bikin lupa masalah, hiburan yang hakiki!;1 hari yang lalu
@KofiDI9xv;𝐀 𝑋 𝐋 𝟳 𝟽 7menawarkan kesempatan untuk terhubung dengan individu yang berpikiran sama. 🍝;1 hari yang lalu
@MeiAgNtr;Kalo nggak coba, nggak bakal tahu! Rezeki bisa datang kapan aja di А 𝙃 M A 𝐷 𝘛 𝑂 𝘛 O! 🏝;1 hari yang lalu
@KofiV8wOn;Gacir terus tiap main di 𝘈 𝘏 𝑀 𝐀 𝘋 𝘛 𝙊 𝘛 O,bener-bener puas banget! ⛹;1 hari yang lalu
@JunojZRSs;Semoga rezeki dari 𝘋 𝐄 𝙒 А 𝐷 𝙊 R 𝘼-ini berkah dan bermanfaat! 😜;1 hari yang lalu
@FatimaGU9z5;menang besar bikin aku makin percaya sama keberuntungan di 𝐴 𝐸 𝘙 𝙊 8 8! 🪗;1 hari yang lalu
@Alyafd2cE;𝘋 𝐄 W 𝐴 𝘿 𝐎 𝐑 𝐴bikin hidup lebih berwarna, rezeki datang silih berganti! 👏;1 hari yang lalu
@DaniEreqQ;𝐴 𝐻 𝑀 𝐴 D 𝙏 𝘖 𝑇 𝑂menawarkan lingkungan yang dinamis dan menarik. 🍳;1 hari yang lalu
@TinacOqiR;Bermain di A 𝙀 𝑅 𝘖 𝟪 𝟴-secara otomatis membuat hati bahagia, rezeki memang sudah ada yang mengatur dan menjamin! 🐂;1 hari yang lalu
@JunoRzFVe;Gacir terus tiap main di 𝘋 𝐎 Я 𝘈 𝟽 𝟳,makasih atas keberuntungannya! 🚣;1 hari yang lalu
@SitiOkTEn;𝐷 𝑂 Я 𝘈 𝟽 7menawarkan pendekatan yang berbeda untuk keterlibatan daring. 🧆;1 hari yang lalu
@Levirk2Cn;Beberapa pengguna melaporkan hasil positif dari penggunaan 𝘈𝐺𝙐𝐒𝘛𝑂𝑇О. 🍧;1 hari yang lalu
@AishawkQjF;Hari ini dapat rezeki besar dari 𝐀 𝘏 𝐌 𝐀 D 𝘛 O 𝑇 𝙊,senang banget rasanya! 🩰;1 hari yang lalu
@NoahW97vR;Penasaran sama temen-temen yang udah menang? Aku baru coba di A𝙂U𝙎𝑇О𝐓𝘖,langsung gacir! 💺;1 hari yang lalu
@CarlosGFFQq;Aku lagi coba-coba, eh malah dapet menang! Kamu juga bisa, loh, di D 𝐸 W A D 𝙊 Я 𝘈! 🎠;1 hari yang lalu
@CarlosnriE1;menang langsung mengalir, buruan coba di 𝐃 𝘌 𝑊 А 𝘿 О 𝙍 𝐀! Kamu bisa dapet juga! 🗿;1 hari yang lalu
@NikoHcPAr;Banyak pengguna yang menemukan 𝘼 𝙃 𝙈 𝘼 D 𝐓 O 𝐓 𝘖-sebagai sumber daya yang berharga. 🥔;1 hari yang lalu
@DooleyShultz-q7o;Busett cerahh banget 🚩𝗪𝗘𝗧𝗢𝗡𝟴𝟴🚩 encess sama koinya lagi ngasih mulu;1 hari yang lalu
@McCloudWinslow-z5h;Bermain bersama teman-teman di Weton88 semakin seru dan asyik, semakin banyak pula rezekinya!;1 hari yang lalu
@SernaEllison-i1f;ke 3 bang ,salam jepe Weton88;1 hari yang lalu
@FidelJamari-t8z;Sehat selalu semuanya salam dari 𝗪𝗘𝗧𝗢𝗡𝟴𝟴 gampang jepe;1 hari yang lalu
@DowneyMaas-y1z9y;Salam ⭐𝗪𝗘𝗧𝗢𝗡𝟴𝟴! gampang Jepe ,Sehat selalu buat semuanya;1 hari yang lalu
@AnsleyMike-g8d;0:02 Wah keren Weton88 terbaik menang mudah;1 hari yang lalu
@WolfeFoltz-n1d;auto jepey! 𝗪𝗘𝗧𝗢𝗡𝟴𝟴;1 hari yang lalu
@RamiroToledo-q7q;🚩𝗪𝗘𝗧𝗢𝗡𝟴𝟴 tempat paling uhuy!;1 hari yang lalu
@FerreiraTiara-c6v;Gw paling demen gas di 🚩𝗪𝗘𝗧𝗢𝗡𝟴𝟴🚩 wkwkwkww seru. Harus sering2 sih ini mah;1 hari yang lalu
@HunterYR9u5;Jepe pertama kali maen, lgsng suka;1 hari yang lalu
@Elias2c5VT;Gila, dapet petir merah brusan di Gates;1 hari yang lalu
@Gunawan25XtD;Baru coba, lgsng makswin;1 hari yang lalu
@Bennettfvioe;Swert Bonanja gacir pol, nggak prnh zonk;1 hari yang lalu
@HudsonXHqUS;maen siang-siang, lgsng big win;1 hari yang lalu
@DeclaniK86t;Game-nya gacir, tiap maen pasti jepe;1 hari yang lalu
@AnantakJknT;Swert Bonanja gacir pol, nggak prnh zonk;1 hari yang lalu
@WestonJIXCw;Baru jepe, wede lancar banget;1 hari yang lalu
@IndraCe4ug;Swert Bonanja gacir banget hari ini, mantul;1 hari yang lalu
@BennettYOGi3;Wede cepat dan proses gampang, recommended;1 hari yang lalu
@Zane06MIi;Baru wede 2 juta, prosesnya gampang banget;1 hari yang lalu
@HenryUKEFw;Gates gacur banget hari ini, auto wede;1 hari yang lalu
@RezaiBXgb;Petir merah di Gates bikin aku mekswin;1 hari yang lalu
@DamarodOgg;Baru jepe 2 kali, wede lancar banget;1 hari yang lalu
@PanduxYebW;Game-nya gacir, sketer nggak prnh zonk;1 hari yang lalu
@NugrohoLJlAD;Jepe pertama kali maen, auto betah;1 hari yang lalu
@GriffinnFjHK;Wede aman, petir merah bikin mekswin;1 hari yang lalu
@EthanVZX7o;Baru daftar, maen sebentar, lgsng jepe;1 hari yang lalu
@AryaXTpSP;maen santai tapi sering big win;1 hari yang lalu
@DeclaniK86t;Wede aman, sketer sering keluar banget;1 hari yang lalu
@Indra3g6j7;Wede aman, sketer sering keluar banget;1 hari yang lalu
@Arjuna6eope;Top up gampang, wede juga cepet banget;1 hari yang lalu
@Noah2908z;udh wede 3 kali hari ini, gacir pol;1 hari yang lalu
@Pradiptaq6bKV;Top up dan WD super cepat, puas banget;1 hari yang lalu
@Mason0ioEX;Baru maen lgsng jepek, wede lancar banget;1 hari yang lalu
@JohnpaulColeman-z7i;Bandar Weton88☀ auto, sultan gacur;1 hari yang lalu
@NataleeNesbitt-x8y;yang pro aja bang di Weton88 👍;1 hari yang lalu
@LevinTevin-j5d;mending bang coba di 🚩𝗪𝗘𝗧𝗢𝗡𝟴𝟴🚩 selama ini di bayar wede w !! gak pernah bermasalah;1 hari yang lalu
@ArmandTionne-x1q;0:02 Wah keren Weton88 terbaik menang mudah;1 hari yang lalu
@NadineGabriella-o7z;terima kasi rezekinya  ⭐𝗪𝗘𝗧𝗢𝗡𝟴𝟴;1 hari yang lalu
@JanaeKenton-e1t;Nyimak abang , Weton88 Cair mulu 😁;1 hari yang lalu
@ChavarriaXzavier-d4n;Sukaaa bangettt sama ⭐𝗪𝗘𝗧𝗢𝗡𝟴𝟴;1 hari yang lalu
@BlaylockTatianna-c3t;Jujur klo main mending di weton88 bang;1 hari yang lalu
@DowlingBeck-o6t;Begitu mantap! Bermain di Weton88, rezeki pun mengalir dengan deras!;1 hari yang lalu
@LangWalter-e4m;0:02 Wah keren Weton88 terbaik menang mudah;1 hari yang lalu
@EmmettWorrell-p5g;Cakep Kali 🚩𝗪𝗘𝗧𝗢𝗡𝟴𝟴🚩, Bravo..;1 hari yang lalu
@BrandanTye-t5o;0:02 Wah keren Weton88 terbaik menang mudah;1 hari yang lalu
@GonzalesConn-e7n;Keren banget bang 😂 , Salam JePE ⭐𝗪𝗘𝗧𝗢𝗡𝟴𝟴;1 hari yang lalu
@RivasHeadley-v6h;👍 𝗪𝗘𝗧𝗢𝗡𝟴𝟴 👌;1 hari yang lalu
@BrooklynDamico-m1v;Class bos🚩 𝗪𝗘𝗧𝗢𝗡𝟴𝟴🚩 gak ribet depo cepat dan wd lancar;1 hari yang lalu
@FosterEbert-w2k;Konten yang gw tunggu sehabis pulang kerja gas ramaikan bro biar mledak vidionya ,Salam ⭐𝗪𝗘𝗧𝗢𝗡𝟴𝟴!;1 hari yang lalu
@DiazKilgore-k8l;Memang web terbaik se asia gak salah pilih cuma 🚩Weton88🚩 yang bisa gni !;1 hari yang lalu
@AshleighHemphill-c4k;0:03 Keren boleh coba bang gas di 𝗪𝗘𝗧𝗢𝗡𝟴𝟴;1 hari yang lalu
@EduardoRay-j1i;Suka banget bang sama konten abang , jangan lupa ences di Weton88 gampang pecah;1 hari yang lalu
@HumbertoSchmidt-x7n;Barusan coba emng iyah sih dapat wd 200 aku bang , makasih yah rekomendasi 🚩𝗪𝗘𝗧𝗢𝗡𝟴𝟴 🚩;1 hari yang lalu
@RyannAgnew-d4z;Class bos🚩 𝗪𝗘𝗧𝗢𝗡𝟴𝟴🚩 gak ribet depo cepat dan wd lancar;1 hari yang lalu
@FionaColette-e2h;2:25  langsung di Weton88 bang 😹😹;1 hari yang lalu
@RaineyJaylan-o3b;Semangat Bosqu , Terbaik ⭐𝗪𝗘𝗧𝗢𝗡𝟴𝟴;1 hari yang lalu
@RandHerndon-t2d;Jujur klo main mending di weton88 bang;1 hari yang lalu
@SidqirizamulkianSidqi;Hasil di 𝐑 𝐀 𝐃 𝐀 𝐑 𝟏𝟑𝟖  membuat saya bisa menyelesaikan kewajiban keuangan dengan baik. 🐧;1 hari yang lalu
@tusharshitap6322;Tiap hari auto cuaan, top banget P͓̽U͓̽L͓̽A͓̽U͓̽7͓̽7͓̽7͓̽.;1 hari yang lalu
@JayaSri-dm9eb;Saya sering balik lagi ke 🅿️🆄🅻🅰️🆄777;1 hari yang lalu
@gjrinku;Saya gak nyesel coba 🅿️🆄🅻🅰️🆄777;1 hari yang lalu
@maheshkingahiran1864;Hadirkan kemenangan dengan 🅿️🆄🅻🅰️🆄777!;1 hari yang lalu
@_D_4_free_fire;05:00 🅿️🆄🅻🅰️🆄777: Hadiah besar menantimu!;1 hari yang lalu
@meenap8329;🅿️🆄🅻🅰️🆄777, hadiah besar menanti!;1 hari yang lalu
@pardipbhaimedaMeda;06:00 Nikmati promo spesial hanya diＰⓤＬＡＵ777!;1 hari yang lalu
@dipakmodi402;Main santai tapi WD Gacir, cuma di ̶P̶U̶L̶A̶U̶7̶7̶7̶.;1 hari yang lalu
@nibirsaha5947;[̲̅P][̲̅U][̲̅L][̲̅A][̲̅U][̲̅7][̲̅7][̲̅7] selalu bikin penasaran;1 hari yang lalu
@SitiZ6iT7;Di 𝐃 𝐸 𝙒 𝐴 𝐷 O 𝙍 𝐴 mendukung transformasi saya, dari kuli bangunan jadi bos konstruksi. ⛴;1 hari yang lalu
@NurDMb4T;Melalui 𝘿 𝐎 𝘙 𝐴 𝟽 𝟩 saya berubah, dari pengantar koran ke pengusaha media. 🏜;1 hari yang lalu
@LinhR6O61;Modal kecil langsung gacir di 𝘿 𝐸 𝐖 𝘼 𝘋 𝐎 𝙍 A, puas banget main di sini! 🍎;1 hari yang lalu
@AishaBBziP;Modal yang diperoleh dari 𝐷 E 𝘞 𝐴 D 𝐎 R А membuka peluang untuk usaha yang lebih berkembang. 🦕;1 hari yang lalu
@HarutoNoAxT;Dengan 𝐃 𝘖 Я 𝐀 𝟳 7 saya sukses, dari karyawan biasa jadi pengusaha mandiri. 🚌;1 hari yang lalu
@SitiVnh7j;Rezeki nomplok hari ini berkat 𝘿 𝘖 𝘙 𝘼 𝟽 𝟩, alhamdulillah! ✳;1 hari yang lalu
@SitiTclDw;𝘋 𝙊 𝘙 𝐀 𝟽 7 adalah platform yang berkomitmen pada kepuasan pengguna. 🤞;1 hari yang lalu
@SakuraICoyk;Rezeki dari 𝐷 O 𝐑 𝘼 𝟽 𝟽 bikin hariku lebih menyenangkan, thank you! 🥦;1 hari yang lalu
@RaviJJBvt;Jika Anda ingin memperluas jaringan Anda, 𝘋 𝘖 R A 7 𝟽-bisa bermanfaat. 🥫;1 hari yang lalu
@DewilTDP6;Hasil dari 𝘿 𝑂 𝑅 А 𝟩 𝟽 membuat saya bisa mengurangi beban hutang yang menumpuk. 😃;1 hari yang lalu
@HudahbeUU;Di 𝘋 𝙊 Я 𝐴 𝟽 𝟳 membuka peluang bagi saya membeli rumah dengan hasil optimal. 🐛;1 hari yang lalu
@IndraWkcBZ;Rekomendasi terbaik buat cari keberuntungan, cuma di 𝘿 𝙀 𝑊 𝐀 D O R 𝐴! 🦥;1 hari yang lalu
@Riko7RqLy;Begitu mantap dan memuaskan! Bermain di D 𝙀 𝑊 𝐀 𝐃 𝐎 Я 𝘼 selalu lancar tanpa hambatan, rezeki pun mengalir dengan sangat deras! 🟥;1 hari yang lalu
@anjalishukla4112;Tiap hari jepe terus, emang P͓̽U͓̽L͓̽A͓̽U͓̽7͓̽7͓̽7͓̽ terbaik!;1 hari yang lalu
@luckyashwin9803;🅿️🆄🅻🅰️🆄777 tempat favorit buat seru-seruan;1 hari yang lalu
@kirtaramgodara;Peluang menang besar hanya di 🅿️🆄🅻🅰️🆄777!;1 hari yang lalu
@hasibraja3799;[̲̅P][̲̅U][̲̅L][̲̅A][̲̅U][̲̅7][̲̅7][̲̅7] tampil dengan desain modern;2 hari yang lalu
@bidyutprava8563;ubur ubur ikan lele cari 🅿️🆄🅻🅰️🆄777 di google leee;2 hari yang lalu
@nareshraam1124;🅿️🆄🅻🅰️🆄777 punya fitur paling lengkap;2 hari yang lalu
@mangubabuji;█▓▒▒░░░𝒫𝒰𝐿𝒜𝒰𝟩𝟩𝟩░░░▒▒▓█ bikin hari-hari makin cuaan, mantap banget.;2 hari yang lalu
@Sachinkumargimalcom;03.10 [̲̅P][̲̅U][̲̅L][̲̅A][̲̅U][̲̅7][̲̅7][̲̅7] selalu jadi pilihan utama;2 hari yang lalu
@Tiwari000-b4v;Saya suka gimana 🅿️🆄🅻🅰️🆄777 selalu update;2 hari yang lalu
@bindudevi4607;Jadilah pemenang berikutnya di 🅿️🆄🅻🅰️🆄777!;2 hari yang lalu
@f_kgaming4378;06:00 🅿️🆄🅻🅰️🆄777, permainan seru dan penuh keuntungan!;2 hari yang lalu
@AkhileshKumar-om4xi;01:04 coba aja kalo gk percaya main di GA RU DA HO KI pasti menang broo;2 hari yang lalu
@samiylgarval9025;01:12 Pokonya rekomendasi buat yg suka aja kalo main mending di GA RU DA HO KI broo;2 hari yang lalu
@golukumargolukumar9646;Terpopuler GA RU DA HO KI Member baru pasti jepee❤;2 hari yang lalu
@AshwinBambole;02:30 Siapa yang gak senyum kalau main di P͓̽U͓̽L͓̽A͓̽U͓̽7͓̽7͓̽7͓̽, cuaan terus.;2 hari yang lalu
@selvammanickam2743;🅿️🆄🅻🅰️🆄777, pengalaman gaming terbaik!;2 hari yang lalu
@Anas_khan_250;ＨＡＵ  Ｓ Ｗ ＩＮ １３ ８_Pasti Jepe❤;2 hari yang lalu
@prashuram9371;jepe pagi, siang, malem! Cuma di █▓̶P̶U̶L̶A̶U̶7̶7̶7̶.;2 hari yang lalu
@joshauaromilenjoshuaromilen;Nama mpl indonesia gak suka agus toto tadi;2 hari yang lalu
@SyafiqHRRVu;Rezeki datang tak terduga di 𝐃 𝐄 𝐖 𝐴 𝐷 O R 𝐀,coba dan buktikan sendiri! 💒;2 hari yang lalu
@RinaGg8F2;Berkat 𝘿 𝑂 Я 𝐴 𝟳 𝟳 saya mendapatkan peluang modal yang mendukung impian usaha saya. 🐦;2 hari yang lalu
@Faizal9fpwH;Rezeki hari ini datang tanpa henti, makasih banyak D O R 𝘼 7 𝟽! 🥞;2 hari yang lalu
@SyafiqhNBwF;Dengan 𝐃 O 𝐑 𝐀 𝟩 7 saya sukses, dari penjual kecil jadi bos usaha. 🏛;2 hari yang lalu
@HadijRwg4;Parah! Main di 𝘋 E 𝙒 𝘼 𝘋 O 𝑅 𝐴 bikin ketagihan banget! 🔂;2 hari yang lalu
@FirdausidEiD;Bermain di D 𝙀 𝘞 A D О 𝐑 A memberikan saya dana untuk menutup hutang secara efektif. 🐝;2 hari yang lalu
@NadiaxusvG;Berkat 𝐃 𝙀 𝘞 A 𝘋 𝙊 𝘙 𝐀 saya mendapatkan modal tambahan untuk memulai usaha baru. 🍊;2 hari yang lalu
@Rudid1LnI;Jika Anda menghargai komunitas yang solid, 𝘿 Е 𝙒 𝐀 𝐷 𝐎 𝑅 𝐀-mungkin cocok. 🍆;2 hari yang lalu
@JokoQJxiY;Bermain di 𝐷 Е 𝙒 А D 𝘖 𝘙 А mengubah nasib saya, dari tukang bakso jadi bos restoran. 🫘;2 hari yang lalu
@RudimZSSY;Di D 𝙊 Я 𝘼 7 𝟽 menyediakan modal yang membantu saya memiliki rumah layak. 🦏;2 hari yang lalu
@Michael0ICMx;Lagi santai-santai, eh dapet rezeki gede dari 𝐃 𝑂 R 𝐴 𝟩 𝟽.Kalian nggak mau ketinggalan kan? 🚇;2 hari yang lalu
@DavidnUkKh;menang besar bikin aku makin percaya sama keberuntungan di 𝐴 H 𝙈 𝐴 𝘋 𝐓 O 𝙏 𝙊! 🛺;2 hari yang lalu
@DavidgYcDO;Main di 𝐀 𝙀 𝐑 O 𝟪 𝟴-bikin happy banget, hasilnya gacir abis! 🍴;2 hari yang lalu
@MaryrcCym;Rezeki hari ini datang dari 𝐷 𝑂 𝐑 А 7 7,makasih atas keberuntungannya! 🎼;2 hari yang lalu
@Barbarae6vbW;Main lagi di 𝘼 𝑋 𝐿 𝟩 7 7,siapa tau rezeki datang lagi! 🏩;2 hari yang lalu
@LindaYHhjV;Serius deh, rezeki di 𝐴 𝐗 𝐋 𝟩 𝟩 𝟩-datang tanpa diundang. Penasaran? Coba sendiri! ⛲;2 hari yang lalu
@MaryjkTPD;Nggak bisa percaya, baru pertama kali coba di 𝐀GUS𝙏O𝙏𝑂-langsung dapet rezeki gede! 🚨;2 hari yang lalu
@Thomasi9eDQ;Rezeki nomplok hari ini berkat 𝐀G𝘜S𝑇𝙊T𝙊,alhamdulillah! 🐼;2 hari yang lalu
@RobertpcrTe;Tak disangka bisa dapat sebanyak ini dari А𝐺𝘜𝙎T𝐎𝙏O,auto berbagi rezeki! 🐒;2 hari yang lalu
@CharlesSZk2O;menang besar di 𝘈𝐆𝑈𝙎𝙏𝘖𝘛𝘖-bikin mimpi jadi kenyataan! 🪀;2 hari yang lalu
@ThomasHpp6l;𝐃 О 𝘙 𝘈 𝟳 𝟽memang yang terbaik, sangat direkomendasikan! 🐻;2 hari yang lalu
@Charlesoz9wJ;Malam ini keberuntungan besar datang dari 𝘿 𝐎 R 𝘼 𝟽 𝟩,seru banget! 🎯;2 hari yang lalu
@David4VpTP;Bermain di A𝙂𝙐𝐒𝘛𝙊T𝘖-secara otomatis membuat hati bahagia, rezeki memang sudah ada yang mengatur dan menjamin! 🐂;2 hari yang lalu
@CharlesgHi7J;Bener-bener gacir banget main di А 𝘏 M 𝘼 D 𝘛 𝙊 𝐓 𝑂.Modal kecil, hasilnya luar biasa! ⚾;2 hari yang lalu
@RichardDEdw7;Langsung cairkan semua kemenangan dari 𝘈 𝙃 𝙈 А D 𝙏 𝘖 𝑇 О,saatnya investasi! 🦅;2 hari yang lalu
@PramanagiVIH;Gila, dapet petir merah brusan di Gates;1 hari yang lalu
@NugrohopxfJp;Wede cepet banget, sketer terus-terusan;1 hari yang lalu
@Rowan8dWJ5;maen santai, jepe terus di sini;1 hari yang lalu
@RamaByGOD;Baru maen lgsng jepek, modal kecil aja;1 hari yang lalu
@NolanZlywz;Modal 50 ribu jepe lgsng wede;1 hari yang lalu
@YudhaEspTv;sketer muncul terus, auto jepek;1 hari yang lalu
@Jaxon2JA2r;Wede lancar banget, pelayanan top;1 hari yang lalu
@BagaskaraLIMZ3;Swert Bonanja gacir hari ini, mntp;1 hari yang lalu
@BimaFVuuL;Swert Bonanja gacir hari ini, mntp;1 hari yang lalu
@Julian4iD5B;Wede 2 kali hari ini, gacir bener sih;1 hari yang lalu
