Column1;Column2;Column3
Username;Comment;Time
@violetlunardevi;𝐁𝐓𝐕❶❻❽  emang cuan!;1 hari yang lalu
@olivejacqueen;Begitu mantap! Bermain di 𝐁𝐓𝐕❶❻❽, rezeki pun mengalir dengan deras!;1 hari yang lalu
@karinejulia-p2b;𝐁𝐓𝐕❶❻❽ punya barang bagus—nyemplung, ga bakal nyesel!;1 hari yang lalu
@hildamozaik;Happy banget, hasil dari 𝐁𝐓𝐕❶❻❽ bikin hariku makin ceria!;1 hari yang lalu
@ChenPNF78;Hasil dari 𝐀 𝘟 𝐋 𝟩 7 𝟩 membuat saya bisa membayar hutang dengan mudah. 🦊;1 hari yang lalu
@PriyaGjgRy;Hasil dari 𝐀 𝘟 𝐋 𝟩 7 𝟩 membuktikan saya bisa beralih dari penjual asongan jadi pemilik toko. 🏯;1 hari yang lalu
@BudikrL0f;Nggak nyangka hasilnya bisa sebesar ini di 𝐀 𝘟 𝐋 𝟩 7 𝟩,luar biasa! 🏄;1 hari yang lalu
@RaviABv8Q;Melalui 𝐀 𝘟 𝐋 𝟩 7 𝟩 saya bertransformasi, dari tukang ojek ke pengusaha transportasi. 🍴;1 hari yang lalu
@Lign3Xx;Berkat 𝐀 𝘟 𝐋 𝟩 7 𝟩 saya berubah, dari tukang jahit jadi pemilik butik fashion. 🎣;1 hari yang lalu
@Chen7gQug;Nggak nyangka hasilnya bisa sebesar ini di 𝐀 𝘟 𝐋 𝟩 7 𝟩,luar biasa! 🏄;1 hari yang lalu
@RavipFo6s;Berkat 𝐀 𝘟 𝐋 𝟩 7 𝟩 saya berubah, dari tukang bakso jadi bos restoran. 🍶;1 hari yang lalu
@Minfvbrl;Berkat 𝐀 𝘟 𝐋 𝟩 7 𝟩 saya berubah, dari penjual kaki lima jadi bos restoran. 🎭;1 hari yang lalu
@LiFS0IA;Bermain di 𝐀 𝘟 𝐋 𝟩 7 𝟩 membantu saya bertransformasi, dari tukang kayu jadi pemilik toko furniture. 🧘;1 hari yang lalu
@Eliazaraiie;Wede brusan lancar, mntp banget sih;1 hari yang lalu
@Donatusa4dr;Wede aman, nggak prnh ada masalah;1 hari yang lalu
@Ditnsql;Wede brusan, sketer nggak berhenti muncul;1 hari yang lalu
@Deny9pao;maen santai, jepe terus di sini;1 hari yang lalu
@Dedaillc;Jepe terus tiap kali maen, puas banget;1 hari yang lalu
@Dapahari4tsj;Nggak bohong, ini beneran bikin cuan;1 hari yang lalu
@Daashnj;Gacir abis, udh wede berkali-kali;1 hari yang lalu
@Colaytzm;Cobain deh, ini hasilnya nyata banget;1 hari yang lalu
@Ciaamisxewl;Cuan masuk terus tanpa ribet sama sekali;1 hari yang lalu
@Charisakeiv;Makswin brusan di Starlight, nggak nyangka;1 hari yang lalu
@Carmanjguo;Beneran gampang, hasilnya nyata banget;1 hari yang lalu
@Callrncu;Iki seriusan nggak ribet, hasil e langsung keliatan;1 hari yang lalu
@Suciatihyj4;ertepe-nya tinggi banget, nggak nyesel maen;1 hari yang lalu
@Savitrigkwh;Nggak nyangka hasilnya segede ini, keren banget;1 hari yang lalu
@Salimdeox;Asli ini gampang, hasilnya memuaskan banget;1 hari yang lalu
@Qtelaloth;Jepe pertama kali maen, auto betah;1 hari yang lalu
@Powwveb;Gacur banget, wede tiap hari auto seneng;1 hari yang lalu
@Penebashbvq;Top up dan WD super cepat, puas banget;1 hari yang lalu
@Paikiuigc;Gates gacur banget hari ini, auto wede;1 hari yang lalu
@Nurulffcb;WD lancar banget, nggak pake ribet;1 hari yang lalu
@Najibopz9;Cobain aja, hasilnya pasti bikin seneng;1 hari yang lalu
@Elodiefp4e;Gampang pisan, hasilnya langsung kerasa;1 hari yang lalu
@Eilishkmdt;Swert Bonanja bener-bener gacir banget;1 hari yang lalu
@Egilmos;Jepe terus tiap kali maen, puas banget;1 hari yang lalu
@Doelfmd4wh;Swert Bonanja gacir, modal kecil jepek;1 hari yang lalu
@Disco9fud;Iseng-iseng nyoba, ternyata hasilnya gede banget;1 hari yang lalu
@Daniskjzo;Swert Bonanja gacir pol, nggak prnh zonk;1 hari yang lalu
@Dalizslh;Gates gacir banget, udh jepek lagi;1 hari yang lalu
@Coffee9sre;Beneran gampang banget, nggak ribet sama sekali;1 hari yang lalu
@Ciptarhw9;Sekali coba langsung puas sama hasilnya;1 hari yang lalu
@Chasancqzw;sketer sering keluar, jepek terus jadinya;1 hari yang lalu
@Carolinewhoj;Modal receh jadi makswin, GG sih ini;1 hari yang lalu
@Callieebsk;sketer sering muncul, maen jadi seru banget;1 hari yang lalu
@Syafiiympi;Nggak bohong, ini beneran bikin cuan;1 hari yang lalu
@Styavp9a;Lumayan nian, tambahan rejeki lah ini;1 hari yang lalu
@Shvernikwer4;Modal kecil wede besar, gacir abis;1 hari yang lalu
@Sedang4lnv;Petir merah di Gates bikin aku mekswin;1 hari yang lalu
@Sanzzzq;Top up dan WD super cepat, puas banget;1 hari yang lalu
@Rubenlnza;Top up gampang, wede juga cepet banget;1 hari yang lalu
@rikpb9o;Nggak rugi nyobain, hasilnya langsung kerasa;1 hari yang lalu
@Randyxrmk;Gacir abis, udh wede berkali-kali;1 hari yang lalu
@Quincyupku;Nyoba santai aja, tapi dapetnya luar biasa;1 hari yang lalu
@Pranataxd4n;Gampang pisan, hasilnya langsung kerasa;1 hari yang lalu
@Pelumbuhnmd;Makswin brusan di Gates, seneng banget;1 hari yang lalu
@Paesadfsq;kalau saya mau gimana cara nya;1 hari yang lalu
@Nurdinizjf;Beneran gampang, hasilnya bikin puas;1 hari yang lalu
@Nafisahebvb;Jepe pertama kali maen, lgsng suka;1 hari yang lalu
@Emiytya;Nyoba santai aja, tapi dapetnya luar biasa;1 hari yang lalu
@Elainayjhj;Beneran cocok buat tambah-tambah;1 hari yang lalu
@Edwinqdyo;Iki apik, rek nyoba hasil e langsung keduman;1 hari yang lalu
@Douglasiaiv;Wede lancar banget, pelayanan top sih;1 hari yang lalu
@Djuanhpv;Makswin lagi hari ini, mntp sih situsnya;1 hari yang lalu
@Dervilebxq;Petir merah muncul terus, auto makswin;1 hari yang lalu
@Dedi4vib;Swert Bonanja gacir, modal kecil jepek;1 hari yang lalu
@Daribjio;CS ramah, proses gampang, pokoknya oke;1 hari yang lalu
@Coffee9sre;Wede aman, nggak prnh ada masalah;1 hari yang lalu
@Ciaamisxewl;Gacir bener, baru maen udh jepe;1 hari yang lalu
@Chitatozexb;Baru maen lgsng jepek, modal kecil aja;1 hari yang lalu
@CAROLIZAwvvd;sketer sering muncul, maen jadi seru banget;1 hari yang lalu
@Campurcgbb;Gacur banget, wede tiap hari auto seneng;1 hari yang lalu
@Burhanuddinu9gm;Iki seriusan nggak ribet, hasil e langsung keliatan;1 hari yang lalu
@Susantozcgx;Sekali nyoba, langsung ngerti kenapa banyak yang suka;1 hari yang lalu
@Stalinygmu;Dak nyangka bisa dapet hasil sebanyak ini;1 hari yang lalu
@Shoimidjm;Jepe pertama kali maen, puas banget;1 hari yang lalu
@Sastrowardoyoxnho;Baru jepe, wede lancar banget;1 hari yang lalu
@Rosnawatixgfl;Nggak nyesel nyobain, puas banget sama hasilnya;1 hari yang lalu
@Rianingsihaaqr;Nggak bohong, ini beneran bikin cuan;1 hari yang lalu
@Qhunaifihugz;Wede gampang banget, nggak nyangka;1 hari yang lalu
@Popue44;Gacur parah, udh wede berkali-kali;1 hari yang lalu
@Peachbbsk;Modal kecil gacur, lgsng jepe brusan;1 hari yang lalu
@Osvaldobcqv;Gacir bener, baru maen udh jepe;1 hari yang lalu
@SariVotve;Asiknya main bareng temen-temen di 𝐀 𝘟 𝐋 𝟩 7 𝟩! Makin seru! ♊;1 hari yang lalu
@AnneHenryrench-p2q;Akhirnya yg di tunggu2😁 𝐒𝐆𝐈𝟖𝟖;1 hari yang lalu
@AmiyaGeorgerench-x3g;Sehat selalu dan banyak rezeki 𝐒𝐆𝐈𝟖𝟖;1 hari yang lalu
@DestineeOrozcorench-c3w;Ok min, lanjut 𝐒𝐆𝐈𝟖𝟖;1 hari yang lalu
@AlyviaNixonrench-z9o;0:03 Keren boleh coba bang gas di 𝐒𝐆𝐈𝟖𝟖;1 hari yang lalu
@KonnorAdkinsrench-f1l;2:25  langsung di 𝐒𝐆𝐈𝟖𝟖 bang 😹😹;1 hari yang lalu
@NoelleGibsonrench-f5y;Keren 🇮🇩👍🏼. gas di mari kak 𝐒𝐆𝐈𝟖𝟖;1 hari yang lalu
@MarisolAvilarench-x5o;Suka banget bang sama konten abang , jangan lupa ences di 𝐒𝐆𝐈𝟖𝟖 gampang pecah;1 hari yang lalu
@IsisLopezrench-f4o;Lancar lancar bang salam Jepe ⭐𝐒𝐆𝐈𝟖𝟖;1 hari yang lalu
@YadielDennisrench-f8h;Konten yang luar biasa! Keren banget cara kamu menjelaskannya! Main yang bagus di sini bang ⭐𝐒𝐆𝐈𝟖𝟖;1 hari yang lalu
@MyaEdwardsrench-e1y;✨ 𝐒𝐆𝐈𝟖𝟖 ✨;1 hari yang lalu
@MiaHunterrench-p1w;terimakasih selalu upload bg, walaupun masih sibuk🎉𝐒𝐆𝐈𝟖𝟖;1 hari yang lalu
@MikePoncerench-u4d;gacir banget, main di 𝐒𝐆𝐈𝟖𝟖;1 hari yang lalu
@NatalyHobbsrench-i7z;ke 3 bang ,salam jepe 𝐒𝐆𝐈𝟖𝟖;1 hari yang lalu
@PeytonRollinsrench-s1u;Seru nich  𝐒𝐆𝐈𝟖𝟖 cair terus 😊;1 hari yang lalu
@ConnerFryerench-x2t;05:35 ⚡️𝐒𝐆𝐈𝟖𝟖⚡️ tempat ngadu nasib wkwkw;1 hari yang lalu
@FernandaAtkinsrench-p7r;Makin yakin abis baca review lain tentang ✌✌𝐒𝐆𝐈𝟖𝟖.;1 hari yang lalu
@RhettWilcoxrench-p7n;The best tahun ini di 𝐒𝐆𝐈𝟖𝟖 pasti byar!;1 hari yang lalu
@MonicaGlennrench-e4m;Akhirnyaa🎉🎉🎉 Salam ⭐𝐒𝐆𝐈𝟖𝟖! gampang Jepe;1 hari yang lalu
@AndreRiosrench-x1o;gatot barusan coba langsung jatuh perkalian 1000 langsung aja cari situsnya 🚩𝐒𝐆𝐈𝟖𝟖🚩;1 hari yang lalu
@MikaylaHancockrench-b4i;Suka banget bang sama konten abang , jangan lupa ences di 𝐒𝐆𝐈𝟖𝟖 gampang pecah;1 hari yang lalu
@GrahamSerranorench-r9n;Keren 🇮🇩👍🏼. gas di mari kak 𝐒𝐆𝐈𝟖𝟖;1 hari yang lalu
@KamrenBirdrench-i5x;𝐒𝐆𝐈𝟖𝟖 is the best ❤❤❤;1 hari yang lalu
@MollieFitzpatrickrench-t8l;🚩𝐒𝐆𝐈𝟖𝟖 tempat paling uhuy!;1 hari yang lalu
@ChelseaTrujillorench-b6m;Berkah rezeki hari ini berkat ⭐𝐒𝐆𝐈𝟖𝟖,puji syukur!;1 hari yang lalu
@SpencerMannrench-r1s;yang pro aja bang di 𝐒𝐆𝐈𝟖𝟖 👍;1 hari yang lalu
@HeatherRoyrench-h4j;gacir banget, main di 𝐒𝐆𝐈𝟖𝟖;1 hari yang lalu
@IssacKnightrench-h5v;Sempet coba yang lain tapi gak semanis di 🚩𝐒𝐆𝐈𝟖𝟖🚩 ,sering ngasih wede bang coba deh cari aja di google;1 hari yang lalu
@CadenBraunrench-r8d;Keren banget bang 😂 , Salam JePE ⭐𝐒𝐆𝐈𝟖𝟖;1 hari yang lalu
@JaslynCraigrench-n6d9o;ke 3 bang ,salam jepe 𝐒𝐆𝐈𝟖𝟖;1 hari yang lalu
@KingstonTorresrench-x5m;Keren 🇮🇩👍🏼. gas di mari kak 𝐒𝐆𝐈𝟖𝟖;1 hari yang lalu
@RachelRichardrench-w8x;Salam ⭐𝐒𝐆𝐈𝟖𝟖! gampang Jepe ,Sehat selalu buat semuanya;1 hari yang lalu
@RyleeGutierrezrench-m9x;Streamer favorit ❤ dan selalu menunggu update terbarunya 😁😁 semangat terus bang 💪💪 salam Jepe 𝐒𝐆𝐈𝟖𝟖;1 hari yang lalu
@AdriannaRowerench-y5d;gw udah coba guys di 𝐒𝐆𝐈𝟖𝟖 cair mulu 👍;1 hari yang lalu
@AbbyHernandezrench-y5s;Keren 🇮🇩👍🏼. gas di mari kak 𝐒𝐆𝐈𝟖𝟖;1 hari yang lalu
@EdithHubbardrench-m8x;9:11  bang tadi jam segitu menang besar w di 🚩𝐒𝐆𝐈𝟖𝟖🚩;1 hari yang lalu
@Sami5kZc9;А𝐺US𝐓𝙊TOmenawarkan berbagai fitur yang menarik bagi sebagian pemain. 🍇;1 hari yang lalu
@KofimB284;Temukan potensi А X 𝐋 𝟩 𝟳 𝟳. 🌮;1 hari yang lalu
@HanahrM5g;𝘈 𝐻 𝑀 𝐴 D 𝙏 𝘖 𝘛 𝑂memberikan kesempatan untuk mencapai potensi penuh Anda. 🍬;1 hari yang lalu
@Junoy9jeL;Modal kecil berubah jadi hasil besar, cuma di 𝘿 𝘖 𝙍 𝘼 𝟳 7! 🦽;1 hari yang lalu
@ChenSfYKf;Keberuntungan besar bikin aku makin cinta sama 𝘋 𝑂 𝘙 𝘈 7 𝟳,thank you! 🪘;1 hari yang lalu
@AnyaXpHXk;Cuma main iseng di A 𝐸 R 𝑂 8 8,malah dapet untung buat jalan-jalan. Terima kasih banyak! 🍶;1 hari yang lalu
@Ivan5v0pb;menang besar banget di А𝘎U𝑆𝑇𝑂𝘛О,recommended banget buat yang cari hiburan! 🍹;1 hari yang lalu
@Sakuraurunb;Jika Anda menghargai efisiensi dan kemudahan penggunaan, 𝘼 𝐻 𝙈 𝘼 𝘿 𝙏 𝐎 𝐓 𝙊-layak dicoba. 🥐;1 hari yang lalu
@AmirIwneb;Aku lagi coba-coba, eh malah dapet menang! Kamu juga bisa, loh, di 𝘋 𝐎 Я 𝐴 7 𝟳! 🎠;1 hari yang lalu
@IvanJJzjz;Jika Anda menghargai dukungan pelanggan, 𝘋 𝙀 𝘞 A 𝘿 О R А-mungkin pilihan yang baik. 🫔;1 hari yang lalu
@KofiUZUlx;Gak percaya bisa menang sebanyak ini di 𝐴 𝐗 𝘓 𝟩 𝟽 𝟽,mimpi jadi kenyataan! 👐;1 hari yang lalu
@Ditasshc8;Main di 𝘈𝐺UST𝐎𝐓О-bikin happy terus, hiburan nomor satu! 😡;1 hari yang lalu
@CarlosftLWN;Hasil gacir terus di 𝘋 𝐄 W 𝘈 𝐃 O 𝘙 А,nggak pernah kecewa! 🎺;1 hari yang lalu
@CarlosAYUe4;Temukan potensi 𝘼 H 𝑀 𝘼 𝘿 𝙏 O 𝑇 O. 🌮;1 hari yang lalu
@Ivan6IFe4;Hiburan seru dan menguntungkan, hanya di 𝘈 H 𝘔 A 𝐃 𝐓 О 𝑇 𝐎! 🐺;1 hari yang lalu
@Danii1baV;Semoga rezeki yang berasal dari 𝐴 𝙓 L 𝟩 𝟩 𝟽-membawa manfaat bagi sesama! 🦟;1 hari yang lalu
@RajVDTP9;Keren banget! Menang banyak di 𝐴𝐆U𝙎𝘛O𝑇O,auto liburan mewah! 🐽;1 hari yang lalu
@SidqirizamulkianSidqi;Berkat 𝐑 𝐀 𝐃 𝐀 𝐑 𝟏𝟑𝟖 saya berubah, dari pengantar makanan jadi bos restoran. 🛰;1 hari yang lalu
@SatrioLIxRx;Baru makswin, wede lancar banget;1 hari yang lalu
@Guntur0eCAJ;Modal kecil lgsng jepek di Gates;1 hari yang lalu
@JamesEN3fv;Top up gampang, wede juga cepet banget;1 hari yang lalu
@MahesaFnbFj;Jepe pertama kali maen, puas banget;1 hari yang lalu
@Baskoro1PErG;Wede cepat dan proses gampang, recommended;1 hari yang lalu
@RakaIXz0T;Gacur pol, tiap maen pasti jepe;1 hari yang lalu
@HenryII9Xm;sketer terus muncul, tiap maen jepek;1 hari yang lalu
@PratamaZNwX9;Baru maen lgsng jepe, sketer terus;1 hari yang lalu
@Suryacs3W6;Jepe terus tiap kali maen, puas banget;1 hari yang lalu
@Pradiptaol35N;Gacur pol, tiap maen pasti jepe;1 hari yang lalu
@Dewa7gXEk;Dapet jakpot 10 juta, lgsng cair;1 hari yang lalu
@HerMartell-d7t;2:25  langsung di Weton88 bang 😹😹;1 hari yang lalu
@MortensenVerania-s3u;9:11  bang tadi jam segitu menang besar w di 🚩𝗪𝗘𝗧𝗢𝗡𝟴𝟴🚩;1 hari yang lalu
@RoeCoffey-b9s;Busett cerahh banget 🚩𝗪𝗘𝗧𝗢𝗡𝟴𝟴🚩 encess sama koinya lagi ngasih mulu;1 hari yang lalu
@WeemsBean-v1y;⭐𝗪𝗘𝗧𝗢𝗡𝟴𝟴 bikin ketagihan!;1 hari yang lalu
@JocelynnBautista-f6u;Begitu mantap! Bermain di Weton88, rezeki pun mengalir dengan deras!;1 hari yang lalu
@NicholasNora-h7j;Begitu mantap! Bermain di Weton88, rezeki pun mengalir dengan deras!;1 hari yang lalu
@BrittainSymone-u1k;Seperti biasa sehat selalu kang semngat ngonten dan dilancarkan segala urusannya Salam dari 🚩𝗪𝗘𝗧𝗢𝗡𝟴𝟴 ❤;1 hari yang lalu
@McClellanBarr-j7w;Sehat selalu dan banyak rezeki Weton88;1 hari yang lalu
@BaderBentley-i8q;Konten yang gw tunggu sehabis pulang kerja gas ramaikan bro biar mledak vidionya ,Salam ⭐𝗪𝗘𝗧𝗢𝗡𝟴𝟴!;1 hari yang lalu
@KinsleyStella-f7y;Suka banget bang sama konten abang , jangan lupa ences di Weton88 gampang pecah;1 hari yang lalu
@MarlaGalbraith-m6h;Keren 🇮🇩👍🏼. gas di mari kak Weton88;1 hari yang lalu
@GoddardOmar-y8p;emng bener kemarin udah coba di probet hari ini mau gas lagi ahh 🚩𝗪𝗘𝗧𝗢𝗡𝟴𝟴🚩 kawan berbuah manis;1 hari yang lalu
@McCallumEve-s4g;Akhirnyaa🎉🎉🎉 Salam ⭐𝗪𝗘𝗧𝗢𝗡𝟴𝟴! gampang Jepe;1 hari yang lalu
@PeekMeagan-i7o;🤑 𝗪𝗘𝗧𝗢𝗡𝟴𝟴 🤑;1 hari yang lalu
@LonnieUlises-b6w;ke 3 bang ,salam jepe Weton88;1 hari yang lalu
@ThorntonNatasha-z5k;🤑 𝗪𝗘𝗧𝗢𝗡𝟴𝟴 🤑;1 hari yang lalu
@MonkGilberto-j3w;Makin yakin abis baca review lain tentang ✌✌Weton88.;1 hari yang lalu
@RoeCoffey-b9s;Rezeki dari Weton88-bikin hariku lebih bermakna, terima kasih!;1 hari yang lalu
@TyronKenzie-z4k;Terbaik ❤ memang kak , salam Weton88;1 hari yang lalu
@UniqueWhitehead-f1y;🚩𝗪𝗘𝗧𝗢𝗡𝟴𝟴 saya maen santai aja, tetep bisa WEDEY jutaan;1 hari yang lalu
@HerMartell-d7t;Semangat Bosqu , Terbaik ⭐𝗪𝗘𝗧𝗢𝗡𝟴𝟴;1 hari yang lalu
@MortensenVerania-s3u;Sehat selalu dan banyak rezeki Weton88;1 hari yang lalu
@NugentNieto-n7l;Keren sih 𝗪𝗘𝗧𝗢𝗡𝟴𝟴, main bentar auto jepe.;1 hari yang lalu
@CoeDang-k2u;Sempet coba yang lain tapi gak semanis di 🚩Weton88🚩 ,sering ngasih wede bang coba deh cari aja di google;1 hari yang lalu
@McCarthyShepard-q4c;Jujur klo main mending di weton88 bang;1 hari yang lalu
@PachecoCochran-d1l;Cair terus ini kakak mantap banget cuan di Weton88;1 hari yang lalu
@DavisonMcHugh-m5u;gacir banget, main di 𝗪𝗘𝗧𝗢𝗡𝟴𝟴;1 hari yang lalu
@TorresBrodie-h9g;Keren banget bang 😂 , Salam JePE ⭐𝗪𝗘𝗧𝗢𝗡𝟴𝟴;1 hari yang lalu
@NoorFuchs-r7x;Ada notif langsung nonton 😂😂 soalnya habis jepe di WETON88;1 hari yang lalu
@WeemsBean-v1y;Bandar Weton88☀ auto, sultan gacur;1 hari yang lalu
@BrittainSymone-u1k;0:03 Keren boleh coba bang gas di 𝗪𝗘𝗧𝗢𝗡𝟴𝟴;1 hari yang lalu
@BaderBentley-i8q;Makin yakin abis baca review lain tentang ✌✌Weton88.;1 hari yang lalu
@EngelRunyon-t9f;mending bang coba di 🚩𝗪𝗘𝗧𝗢𝗡𝟴𝟴🚩 selama ini di bayar wede w !! gak pernah bermasalah;1 hari yang lalu
@JocelynnBautista-f6u;auto jepey! 𝗪𝗘𝗧𝗢𝗡𝟴𝟴;1 hari yang lalu
@NicholasNora-h7j;Maaf terlambat bang semangat ya Salam 𝗪𝗘𝗧𝗢𝗡𝟴𝟴! gampang Jepe;1 hari yang lalu
@KinsleyStella-f7y;Cakep Kali 🚩𝗪𝗘𝗧𝗢𝗡𝟴𝟴🚩, Bravo..;1 hari yang lalu
@MarlaGalbraith-m6h;Akhirrrnyaaa bagus konten abang !! luar biasa coba main di ⭐𝗪𝗘𝗧𝗢𝗡𝟴𝟴;1 hari yang lalu
@RothJanet-h8m;Class bos🚩 𝗪𝗘𝗧𝗢𝗡𝟴𝟴🚩 gak ribet depo cepat dan wd lancar;1 hari yang lalu
@RhoadesHorne-k2m;Konten yang gw tunggu sehabis pulang kerja gas ramaikan bro biar mledak vidionya ,Salam ⭐𝗪𝗘𝗧𝗢𝗡𝟴𝟴!;1 hari yang lalu
@PeekMeagan-i7o;Weton88 is the best ❤❤❤;1 hari yang lalu
@MonkGilberto-j3w;0:02 Wah keren Weton88 terbaik menang mudah;1 hari yang lalu
@WatsonAllie-j6y;mending bang coba di 🚩𝗪𝗘𝗧𝗢𝗡𝟴𝟴🚩 selama ini di bayar wede w !! gak pernah bermasalah;1 hari yang lalu
@ThorntonNatasha-z5k;Gw paling demen gas di 🚩𝗪𝗘𝗧𝗢𝗡𝟴𝟴🚩 wkwkwkww seru. Harus sering2 sih ini mah;1 hari yang lalu
@TyronKenzie-z4k;Maaf terlambat bang semangat ya Salam 𝗪𝗘𝗧𝗢𝗡𝟴𝟴! gampang Jepe;1 hari yang lalu
@NugentNieto-n7l;9:11  bang tadi jam segitu menang besar w di 🚩𝗪𝗘𝗧𝗢𝗡𝟴𝟴🚩;1 hari yang lalu
@CoeDang-k2u;🤑 𝗪𝗘𝗧𝗢𝗡𝟴𝟴 🤑;1 hari yang lalu
@UniqueWhitehead-f1y;Seru nich  Weton88 cair terus 😊;1 hari yang lalu
@RoderickHalley-v6k;Weton88 is the best ❤❤❤;1 hari yang lalu
@PachecoCochran-d1l;auto jepey! 𝗪𝗘𝗧𝗢𝗡𝟴𝟴;1 hari yang lalu
@QuarlesArielle-t1g;Lancar lancar bang salam Jepe ⭐𝗪𝗘𝗧𝗢𝗡𝟴𝟴;1 hari yang lalu
@McCarthyShepard-q4c;Begitu mantap! Bermain di Weton88, rezeki pun mengalir dengan deras!;1 hari yang lalu
@TorresBrodie-h9g;jepey trs tiap hari, cuma di𝗪𝗘𝗧𝗢𝗡𝟴𝟴⭐;1 hari yang lalu
@NoorFuchs-r7x;Cakep Kali 🚩𝗪𝗘𝗧𝗢𝗡𝟴𝟴🚩, Bravo..;1 hari yang lalu
@StahlBurgess-s2g;epic moment 🎉 𝗪𝗘𝗧𝗢𝗡𝟴𝟴;1 hari yang lalu
@EngelRunyon-t9f;Rezeki dari Weton88-bikin hariku lebih bermakna, terima kasih!;1 hari yang lalu
@MarkusRidley-b8b;Keren banget bang 😂 , Salam JePE ⭐𝗪𝗘𝗧𝗢𝗡𝟴𝟴;1 hari yang lalu
@JuneSiera-z7r;Konten yang luar biasa! Keren banget cara kamu menjelaskannya! Main yang bagus di sini bang ⭐𝗪𝗘𝗧𝗢𝗡𝟴𝟴;1 hari yang lalu
@RhoadesHorne-k2m;mending bang coba di 🚩𝗪𝗘𝗧𝗢𝗡𝟴𝟴🚩 selama ini di bayar wede w !! gak pernah bermasalah;1 hari yang lalu
@VelasquezMurrell-f4w;Konten yang gw tunggu sehabis pulang kerja gas ramaikan bro biar mledak vidionya ,Salam ⭐𝗪𝗘𝗧𝗢𝗡𝟴𝟴!;1 hari yang lalu
@AsburyTam-q4j;Terbaik ❤ memang kak , salam Weton88;1 hari yang lalu
@LugoRing-t8p;di ajakin abang w main di weton benaran g*cor parah ,langanan 3 hari sekali dapat terus uang jajan cek google 🚩𝗪𝗘𝗧𝗢𝗡𝟴𝟴 🚩;1 hari yang lalu
@JailaHakeem-h5w;Min video lu baguss , tetap pilih WETON88 😢;1 hari yang lalu
@WatsonAllie-j6y;Begitu mantap! Bermain di Weton88, rezeki pun mengalir dengan deras!;1 hari yang lalu
@PyleDenisse-g4h;epic moment 🎉 𝗪𝗘𝗧𝗢𝗡𝟴𝟴;1 hari yang lalu
@RoderickHalley-v6k;0:03 Keren boleh coba bang gas di 𝗪𝗘𝗧𝗢𝗡𝟴𝟴;1 hari yang lalu
@QuarlesArielle-t1g;Semangat bang buat konten nya 😊Salam 𝗪𝗘𝗧𝗢𝗡𝟴𝟴! gampang Jepe;1 hari yang lalu
@JuneSiera-z7r;ke 3 bang ,salam jepe Weton88;1 hari yang lalu
@MarkusRidley-b8b;Yang di tunggu tunggu salam Jepe 𝗪𝗘𝗧𝗢𝗡𝟴𝟴;1 hari yang lalu
@VelasquezMurrell-f4w;Geloo 𝗪𝗘𝗧𝗢𝗡𝟴𝟴 Cair terus x100;1 hari yang lalu
@JailaHakeem-h5w;Salam ⭐𝗪𝗘𝗧𝗢𝗡𝟴𝟴! gampang Jepe ,Sehat selalu buat semuanya;1 hari yang lalu
@LugoRing-t8p;coba di 🚩𝗪𝗘𝗧𝗢𝗡𝟴𝟴🚩, gak ribet ! salam petir x 500;1 hari yang lalu
@AsburyTam-q4j;Keren 🇮🇩👍🏼. gas di mari kak Weton88;1 hari yang lalu
@PyleDenisse-g4h;Terbaik ❤ memang kak , salam Weton88;1 hari yang lalu
@Anb5n5h;Main bentar, eh langsung rezeki nomplok! Semuanya bisa terjadi di 𝘿 𝐄 𝙒 A 𝘋 O 𝑅 А! 🏫;1 hari yang lalu
@Indra64kGh;Gak nyangka bisa dapet segini main di 𝘋 𝑂 𝘙 𝘼 𝟩 7! Auto traktir temen-temen! ⏯;1 hari yang lalu
@Fatimaz8Ne1;𝐃 𝑂 𝑅 𝐀 𝟳 𝟳 menawarkan cara mudah untuk terhubung dengan orang lain. 😏;1 hari yang lalu
@MeijFvpI;Mantap jiwa main di 𝐷 Е 𝐖 𝘼 𝘋 𝘖 𝙍 𝐀, rezeki nomplok tiap hari! ⏮;1 hari yang lalu
@RikoZMh6V;Rezeki dari 𝘋 𝘌 𝐖 𝐴 𝐷 𝘖 𝙍 𝐀 bikin hariku lebih bermakna, terima kasih! 🦙;1 hari yang lalu
@BudiPa6X1;Parah! Main di 𝘋 𝘖 R 𝐀 𝟩 𝟽-bikin ketagihan banget! 😎;1 hari yang lalu
@HarutobbZ1V;Bermain di 𝘿 О 𝘙 𝐴 7 𝟩 memberikan saya akses ke modal usaha yang saya perlukan. 🐍;1 hari yang lalu
@CheniBWpZ;Di 𝐃 𝐸 𝙒 A 𝐃 O R 𝐀 mendukung transformasi saya, dari tukang cukur jadi bos salon. 🚈;1 hari yang lalu
@HudaF1Mo6;Berkat D 𝐎 Я A 𝟽 𝟳 saya berubah, dari pembantu rumah jadi pemilik cleaning service. 🏇;1 hari yang lalu
@KaoritvqE5;Main di 𝘋 О 𝘙 𝐴 7 𝟳-seru banget, hasilnya nggak mengecewakan! 🥉;1 hari yang lalu
@Anjf3r5;Di D 𝙊 R 𝘈 𝟽 7 mendukung transformasi saya, dari tukang ojek jadi pemilik armada. 🏀;1 hari yang lalu
@eduQilaSaputri;Buka 🎉𝗠𝗜𝗬𝗔𝟴𝟴✨ tuh kayak buka pintu rejeki diem-diem;2 hari yang lalu
@eduRobbySaputra;Spin tipis, hasil tebel. 𝗞𝗢𝗜𝗦𝗟𝗢𝗧💥 emang beda 🌀💰;2 hari yang lalu
@eduSariWijaya;𝗞𝗢𝗜𝗦𝗟𝗢𝗧💥 bagi-bagi bonus tiap hari bro;2 hari yang lalu
@LucaLEVzQ;Wede lancar banget, pelayanan top;1 hari yang lalu
@Tinaq2sSp;Wede aman, sketer sering keluar banget;1 hari yang lalu
@WeiS2lEP;Wede 2 kali hari ini, sketer terus;1 hari yang lalu
@Hanap2LG6;WD lancar banget, nggak pake ribet;1 hari yang lalu
@AnyasaGEH;Baru maen lgsng jepek, wede lancar banget;1 hari yang lalu
@AlyaYPP1p;Wede aman, nggak prnh ada masalah;1 hari yang lalu
@EmmaUwIiH;Swert Bonanja gacir, jepe tiap maen;1 hari yang lalu
@RikoApP7R;Baru daftar, maen sebentar, lgsng jepe;1 hari yang lalu
@eduMiraArdiansyah;✨𝗞𝗢𝗜𝗦𝗟𝗢𝗧🎉 emang gak lebay, tapi hasilnya wow!;2 hari yang lalu
@eduOlgaSimanjuntak;✨𝗞𝗢𝗜𝗦𝗟𝗢𝗧🎉 itu tempat nungguin yang pasti-pasti aja.;2 hari yang lalu
@eduMikoRahma;🎉𝗠𝗜𝗬𝗔𝟴𝟴✨ bantu gue lewatin tanggal tua tanpa keluh!;2 hari yang lalu
@eduQilaWijaya;𝗠𝗜𝗬𝗔𝟴𝟴💥 bikin orang penasaran terus;2 hari yang lalu
@eduHestiWardana;🎉𝗠𝗜𝗬𝗔𝟴𝟴✨ bantuin gue naik tanpa harus nge-push!;2 hari yang lalu
@eduKamalSusilo;Coba aja buka 🎉𝗠𝗜𝗬𝗔𝟴𝟴✨, rasain sendiri deh.;2 hari yang lalu
@eduLilisSaputri;🎉𝗠𝗜𝗬𝗔𝟴𝟴✨ kasih hasil yang gak perlu banyak gaya!;2 hari yang lalu
@eduKamalHaryanto;𝗞𝗢𝗜𝗦𝗟𝗢𝗧💥 bukan buat iseng doang, ini serius bikin hasil 😤;2 hari yang lalu
@eduGalihSusilo;𝗠𝗜𝗬𝗔𝟴𝟴💥 kayak investasi kecil rasa 🚀 roket;2 hari yang lalu
@eduHestiMaulana;Gak suka ribet? 𝗞𝗢𝗜𝗦𝗟𝗢𝗧💥 tuh paling cocok 🧠;2 hari yang lalu
@eduEkoNugroho;Main ✨𝗞𝗢𝗜𝗦𝗟𝗢𝗧🎉 bikin lo senyum tanpa alasan!;2 hari yang lalu
@eduDinaSiregar;🎉𝗠𝗜𝗬𝗔𝟴𝟴✨ jarang muncul di iklan, tapi sering muncul di hati pemainnya.;2 hari yang lalu
@emileekellysizemore-n4q;Akhirrrnyaaa bagus konten abang !! luar biasa coba main di ⭐𝗪𝗘𝗧𝗢𝗡𝟴𝟴;2 hari yang lalu
@cierasandlinpower-i6j;⭐𝗪𝗘𝗧𝗢𝗡𝟴𝟴 bikin ketagihan!;2 hari yang lalu
@galindoethan-t5p;jepey gmpng banget di 𝗪𝗘𝗧𝗢𝗡𝟴𝟴 ⭐;2 hari yang lalu
@blackmontatyannagreenberg-n2j;Bermain bersama teman-teman di Weton88 semakin seru dan asyik, semakin banyak pula rezekinya!;2 hari yang lalu
@shirleytafoya-f6n;Sempet coba yang lain tapi gak semanis di 🚩Weton88🚩 ,sering ngasih wede bang coba deh cari aja di google;2 hari yang lalu
@allissaannemarieglick-y9m;Terus berkembang arhan semangattt!!!!! Salam 𝗪𝗘𝗧𝗢𝗡𝟴𝟴! gampang Jepe;2 hari yang lalu
@alanaarmendarizjarrodsab-x3n3y;❤ 𝗪𝗘𝗧𝗢𝗡𝟴𝟴 ❤;2 hari yang lalu
@briggsmcclure-c3p;terima kasi rezekinya  ⭐𝗪𝗘𝗧𝗢𝗡𝟴𝟴;2 hari yang lalu
@AikoJong26w10FD;Kayaknya nyasar deh komennya ke postingan ini;1 hari yang lalu
@AnDasxoWcKSN;Bukan nyalahin, cuma mau ngingetin aja;1 hari yang lalu
@AnLiuTAhaJa0;Gak semua perlu dibales saat itu juga;1 hari yang lalu
@AikoPatelqE9ViEJ;ce es gaul, p​r​oses gampang banget;1 hari yang lalu
@AnPrasadoNCFiDi;Mungkin lebih pas kalau dikomen di post lain;1 hari yang lalu
@AikoAungcyIrwK4;gicir kenceng, modal minim banget;1 hari yang lalu
@AikoSomchaiIniwoer;aman banget, seketer ​r​ajin muncul;1 hari yang lalu
@AnRahmanbWzmgQz;jeppe cepat, modal dikit cuy;1 hari yang lalu
@AnPhamoJWy1ww;Cuan asli itu yang halal dan pasti;1 hari yang lalu
@AikoPrasadJXbOSnN;seketer datang nggak pakai lama;1 hari yang lalu
@AikoLimOZGTzsd;seketer se​r​ing mampi​r​, wede aman;1 hari yang lalu
@AnLimmaWBNT2;P​r​oses simpel, ce es ​r​amah banget;1 hari yang lalu
@AikoLiurUPyZ76;aman banget, seketer aktif te​r​us;1 hari yang lalu
@AikoJong26w10FD;seketer gas te​r​us tanpa ​r​em;1 hari yang lalu
@AnRahmanbWzmgQz;seketer mulu, gak ada capeknya;1 hari yang lalu
@AnPrasadoNCFiDi;P​r​oses cepat, ce es mantap abis;1 hari yang lalu
@AikoYeoUBB0UtM;gicir mu​r​ah, jeppe lsg menda​r​at;1 hari yang lalu
@AikoSomchaiIniwoer;cukup juday sob, berjuang beneran lebih berfaedah;1 hari yang lalu
@felixellerestefaniwagner-w9q;🚩𝗪𝗘𝗧𝗢𝗡𝟴𝟴 tempat paling uhuy!;2 hari yang lalu
@arielledunnfridavoss-t9l;👍 𝗪𝗘𝗧𝗢𝗡𝟴𝟴 👌;2 hari yang lalu
@dallascoronadoellen-s2x;mending bang coba di 🚩𝗪𝗘𝗧𝗢𝗡𝟴𝟴🚩 selama ini di bayar wede w !! gak pernah bermasalah;2 hari yang lalu
@cristalkameron-n8t;👍 𝗪𝗘𝗧𝗢𝗡𝟴𝟴 👌;2 hari yang lalu
@donnievaughncaiden-d2v;gacir banget, main di 𝗪𝗘𝗧𝗢𝗡𝟴𝟴;2 hari yang lalu
@joshuadenisgalloway-n9m;Cair terus ini kakak mantap banget cuan di Weton88;2 hari yang lalu
@elkinshendrickson-t3b;🚩𝗪𝗘𝗧𝗢𝗡𝟴𝟴 saya maen santai aja, tetep bisa WEDEY jutaan;2 hari yang lalu
@tsaiamerica-z8x;Ada notif langsung nonton 😂😂 soalnya habis jepe di WETON88;2 hari yang lalu
@maxwellquinonezkayley-f9m;2:25  langsung di Weton88 bang 😹😹;2 hari yang lalu
@janebrianawong-w9b;Makin yakin abis baca review lain tentang ✌✌Weton88.;2 hari yang lalu
@julietjacobsmaritzahaskell-w3n;Rezeki dari Weton88-bikin hariku lebih bermakna, terima kasih!;2 hari yang lalu
@mccabelesleysegovia-b2f;terima kasi rezekinya  ⭐𝗪𝗘𝗧𝗢𝗡𝟴𝟴;2 hari yang lalu
@escalantemartinasweet-r1u;✨ 𝗪𝗘𝗧𝗢𝗡𝟴𝟴 ✨;2 hari yang lalu
@halispencerashley-q5b;jepey terus di 𝗪𝗘𝗧𝗢𝗡𝟴𝟴, beneran!;2 hari yang lalu
@gisselltaviontripp-x1z;weton88 keren banget 😊;2 hari yang lalu
@chadbelentafoya-k7v;Konten yang gw tunggu sehabis pulang kerja gas ramaikan bro biar mledak vidionya ,Salam ⭐𝗪𝗘𝗧𝗢𝗡𝟴𝟴!;2 hari yang lalu
@patriciapryor-o6t;Cair terus ini kakak mantap banget cuan di Weton88;2 hari yang lalu
@carolinaschultekeyon-u3b;9:11  bang tadi jam segitu menang besar w di 🚩𝗪𝗘𝗧𝗢𝗡𝟴𝟴🚩;2 hari yang lalu
@caidengonzalezkeyana-b4w8y;epic moment 🎉 𝗪𝗘𝗧𝗢𝗡𝟴𝟴;2 hari yang lalu
@sweatarroyo-r9w;0:02 Wah keren Weton88 terbaik menang mudah;2 hari yang lalu
@mcmanuscindyerwin-q6z;Bermain bersama teman-teman di Weton88 semakin seru dan asyik, semakin banyak pula rezekinya!;2 hari yang lalu
@dowdychynnarucker-p4v;🤑 𝗪𝗘𝗧𝗢𝗡𝟴𝟴 🤑;2 hari yang lalu
@hoppejulianna-y4x;weton88 keren banget 😊;2 hari yang lalu
@emmanuelsalasgannonpulliam-j6u;auto jepey! 𝗪𝗘𝗧𝗢𝗡𝟴𝟴;2 hari yang lalu
@clarkhoferlizbeth-u8i;Sehat selalu dan banyak rezeki Weton88;2 hari yang lalu
@julietreadmadisyn-e4k;Maaf terlambat bang semangat ya Salam 𝗪𝗘𝗧𝗢𝗡𝟴𝟴! gampang Jepe;2 hari yang lalu
@DediPub5v;Berkat D О 𝐑 𝐴 7 𝟽 saya melesat, dari pegawai harian ke bos usaha. 🏗;2 hari yang lalu
@FaizalqlhA5;Keuntungan dari 𝐷 O 𝘙 А 𝟳 𝟽 mendukung saya membangun usaha yang lebih besar. 🦍;2 hari yang lalu
@Aguslh9JY;Ternyata main di 𝘿 O 𝑅 𝘈 𝟽 𝟽 itu gampang banget buat menang, hasilnya luar biasa! 🍫;2 hari yang lalu
@RashidNNC6F;Melalui 𝐃 𝘖 R A 𝟩 𝟩 saya bertransformasi, dari penjual kaki lima ke bos restoran. 🥉;2 hari yang lalu
@Hadi8RJn5;Di 𝘿 𝙊 𝙍 𝐀 7 𝟽 mendukung transformasi saya, dari tukang jahit jadi bos butik. 🏹;2 hari yang lalu
@JokoPUSZL;Hasil nyata di 𝘿 E 𝘞 𝘈 𝘋 𝘖 R 𝘈 mengantar saya, dari penjual pulsa ke pemilik gerai elektronik. 🍦;2 hari yang lalu
@BudidVl9M;Di D 𝐄 𝐖 𝐀 𝐃 𝘖 𝐑 А mendukung transformasi saya, dari tukang kayu jadi bos furniture. 🏆;2 hari yang lalu
@Melati9rIog;Modal usaha saya semakin kuat berkat keuntungan dari 𝐃 𝙊 R А 𝟽 7. 😎;2 hari yang lalu
@Syafiqgl5yn;menang besar banget di 𝘿 О 𝐑 A 𝟩 𝟽,recommended banget buat yang cari hiburan! 🍹;2 hari yang lalu
@LiyanaqdZ9H;Gak pernah bosen main 𝐷 𝐎 𝙍 А 7 7,selalu ada update dan inovasi terbaru! 🦩;2 hari yang lalu
@PatriciauuLEd;Rezeki dari A𝙂𝑈S𝘛𝑂𝘛𝑂-emang gak ada duanya, terima kasih ya Allah atas limpahan rezeki-Mu! 🦝;2 hari yang lalu
@JameslUhFJ;Senang bukan kepalang bisa dapat rezeki nomplok dari A E 𝘙 𝘖 𝟴 𝟴! 🦨;2 hari yang lalu
@Barbarau9Jtd;Keuntungan besar bikin hari ini makin ceria, makasih 𝘼 E R 𝑂 8 𝟾! 🛹;2 hari yang lalu
@RichardcdHQ3;Sungguh luar biasa! D O Я A 𝟩 𝟩-membuat ketagihan berat, sulit untuk berhenti! 🐍;2 hari yang lalu
@PatriciazDJWI;Asiknya main bareng temen-temen di A 𝘟 𝐋 7 𝟩 𝟽! Makin seru! 🥰;2 hari yang lalu
@Susan2hqKb;Main di 𝘈G𝑈𝑆𝙏О𝙏O-auto happy, rezeki emang sudah diatur! 🙈;2 hari yang lalu
@CharleskfY1e;Main sebentar aja langsung dapet menang gede, 𝘼 𝐗 𝙇 𝟳 𝟽 𝟽-ini baru bener-bener gacir! ⛵;2 hari yang lalu
@Johng8Xe7;Dapet rezeki besar dari АG𝙐𝑆𝑇𝘖𝙏𝙊,nggak nyangka main jadi seasyik ini! 🥣;2 hari yang lalu
@James1PkGn;Happy banget, cuma di A H 𝘔 A D T 𝑂 𝑇 𝑂-keberuntungan datang terus! 🏋;2 hari yang lalu
@LindaGr7SJ;Main di 𝐃 𝐎 Я A 𝟳 𝟩-bikin aku lebih optimis, hasilnya nggak mengecewakan! 🎤;2 hari yang lalu
@GunturMa98f;Wede lagi hari ini, gacir banget sih ini;1 hari yang lalu
@GibranMrDwE;maen di sini auto jepe terus, GG banget;1 hari yang lalu
@Kieranct4oG;Swert Bonanja mekswin, modal kecil aja;1 hari yang lalu
@CalebFW73y;Swert Bonanja gacir hari ini, mntp;1 hari yang lalu
@adtyax3581;semangat bang biar ga disetrum;1 hari yang lalu
@DanuSV22q;Modal receh, lgsng mekswin GG;1 hari yang lalu
@EzrapxmTr;maen santai, jepe terus di sini;1 hari yang lalu
@TristanZA33P;Swert Bonanja gacir parah, wajib coba sih;1 hari yang lalu
@James7xHvI;Wede gampang, situsnya terpercaya banget;1 hari yang lalu
@Logan1D0vP;Top up gampang, wede juga cepet banget;1 hari yang lalu
@Wesleykd5Vz;Baru maen lgsng jepek, modal kecil aja;1 hari yang lalu
@Jude0Lqzt;Jepe brusan di Gates, auto wede;1 hari yang lalu
@AshtongOoTD;Gacur parah, modal receh bisa makswin;1 hari yang lalu
@Jatmikohrakf;Wede 2 kali hari ini, gacir bener sih;1 hari yang lalu
@LoganWKq4D;Baru jepe, wede lancar banget;1 hari yang lalu
@Kresnag91kt;sketer terus muncul, tiap maen jepek;1 hari yang lalu
@LiamcoWwe;sketer sering keluar, jepek terus jadinya;1 hari yang lalu
@JatmikomreQm;Makswin brusan di Starlight, nggak nyangka;1 hari yang lalu
