Username,Comment,Time
@rickydarmawan6621,11:00 gtu amat baloy ğŸ˜‚,1 jam yang lalu
@nandaryrs,suhu,2 jam yang lalu
@nandaryrs,lutpi,2 jam yang lalu
@ALIFFADILAH-z7e,Promo terbatas! Bonus cuma-cuma buat yang gercep daftar sekarang ğŸ”¥âš¡ ğ˜½ğ™€ğ™ğ™‡ğ™„ğ˜¼ğ™‰ 33 âš¡â¤,3 jam yang lalu
@FirmanBudi-y3r,"Gak perlu keluar uang, langsung dapat bonus! Gak percaya? Coba aja sendiri ğŸ”¥âš¡ ğ˜½ğ™€ğ™ğ™‡ğ™„ğ˜¼ğ™‰ 33 âš¡",3 jam yang lalu
@SUBKHANMAARIF,Dapet bonus TANPA deposit? Emang bisa? Bisa banget! ğŸ”¥âš¡ ğ˜½ğ™€ğ™ğ™‡ğ™„ğ˜¼ğ™‰ 33 âš¡,3 jam yang lalu
@TriyonoDahlan,Cuma-cuma tapi bukan sembarangan! Bonus spesial buat kamu yang daftar hari ini! ğŸ”¥âš¡ ğ˜½ğ™€ğ™ğ™‡ğ™„ğ˜¼ğ™‰ 33 âš¡,3 jam yang lalu
@HARDIANHAMIDI,"Udah banyak yang buktiin, bonus gratis ini nyata! Kamu kapan? ğŸ’ƒ ğ˜½ğ™€ğ™ğ™‡ğ™„ğ˜¼ğ™‰ 33 âš¡",3 jam yang lalu
@Albertsoni-h3m,Bonus cuma-cuma ini gak akan selamanya! Klaim sekarang sebelum terlambat! ğŸ’ƒ ğ˜½ğ™€ğ™ğ™‡ğ™„ğ˜¼ğ™‰ 33 âš¡,3 jam yang lalu
@IlhamGunawan-l1d,"Dompet tipis? Santuy! Bonusnya kita yang kasih. Gak pake modal, langsung dapet cuan! ğŸ”¥âš¡ ğ˜½ğ™€ğ™ğ™‡ğ™„ğ˜¼ğ™‰ 33 âš¡ ğŸ”¥â¤",3 jam yang lalu
@Nikearyantina,Dunia ini kerasâ€¦ tapi bonus dari kami? Lembut dan GRATIS! ğŸ’ƒ ğ˜½ğ™€ğ™ğ™‡ğ™„ğ˜¼ğ™‰ 33 âš¡,3 jam yang lalu
@anonimbosku,fungsi HELCURT apa? Beban.,3 jam yang lalu
@XionYeager,mending roam saber lain kali #baloykocak,4 jam yang lalu
@NandaAdi-mv6fd,10:50 cicak kepentok,7 jam yang lalu
@AgandNda,Kenapa ya cuman tim onic nama pelatih nya cuman ada coach yg lain g ada ya? Aneh banget dari dulu semua nama pelatih tim lain g  d kasih coach sedangkan tim onic ada tulisan coach adi/yeb? Ada yg bisa jelaskan kan aneh aja gitu lain dari yang lain,9 jam yang lalu (diedit)
@zhen_lovely,ni apa si wetan weton semua,9 jam yang lalu
@fitriulmu7478,"Buang s sanz n kiboy nya,,kasian kairi gendong trsğŸ˜‚",10 jam yang lalu
@Wkwkkwkkw,enek liat cadera maen ngepush terus,10 jam yang lalu
@indraalibasyah379,fungsi baloi disini apa anjirr kwkwkwkkw,16 jam yang lalu
@MixzuNz,C.B.M( cuma bisa Moskoz)ğŸ˜‚ğŸ˜‚,18 jam yang lalu
@nerubianbolt7543,Kobisa mm sedongo itu masuk onic.,19 jam yang lalu
@PejuangBett,Asli si gua kalo liat mukanya si Sanz bawaanya kocak bngt,20 jam yang lalu
@PejuangBett,Baloy dapet bronze alias kayuğŸ˜‚ğŸ˜‚,20 jam yang lalu
@PejuangBett,Baloy ngetrol ajg,20 jam yang lalu
@ThobiBi09,Emang GG allahuakbar lutpiii,23 jam yang lalu
@ReskiAnanda-ru7tm,Gini kalo jungler udah kenal cewe jadi oleng kairinyağŸ˜¢,23 jam yang lalu
@SILENT_PLEASE,Kangen ranger merah... Teriak gilaaak sanz.... 2 season onic belum menemukan perform terbaiknya.. Kalah lawan afbren d dua final.. Kenya ngaruh bgt sama mental pemain2 onic,1 hari yang lalu
@CanNotGoodEnough-l7s,"Nnael kapan dimainin dah, kasian gw ama doi, takutnya season depan pindah tim",1 hari yang lalu
@superkeyno,OUT BALOY BOT,1 hari yang lalu
@romysaintskiw,Di gendong kari ğŸ˜…,1 hari yang lalu
@OnlyMetz30,30:01 kiboy bilek: prasaan udh ngumpet jing masih aja keliatanğŸ˜‚,1 hari yang lalu
@Ryusans1,Real RYOTA dark sistem,1 hari yang lalu
@MjCell-s9n,Buttsss lebih baik ketimbang lutpi,1 hari yang lalu
@risssval,Baloy knp niğŸ˜‚,1 hari yang lalu
@AMO_604,"ğŸ…¿ï¸ğŸ†„ğŸ…»ğŸ…°ï¸ğŸ†„777, pengalaman gaming terbaik!",1 hari yang lalu
@ramtarjatav5279,"02:30 Siapa yang gak senyum kalau main di PÌ½Í“UÌ½Í“LÌ½Í“AÌ½Í“UÌ½Í“7Ì½Í“7Ì½Í“7Ì½Í“, cuaan terus.",1 hari yang lalu
@violetlunardevi,"Happy banget, hasil dari ğğ“ğ•â¶â»â½ bikin hariku makin ceria!",1 hari yang lalu
@arabindaroy-pl7ei,[Ì…Ì²P][Ì…Ì²U][Ì…Ì²L][Ì…Ì²A][Ì…Ì²U][Ì…Ì²7][Ì…Ì²7][Ì…Ì²7] tampil dengan desain modern,1 hari yang lalu
@olivejacqueen,Terpopuler ğğ“ğ•â¶â»â½ Member baru pasti jepee,1 hari yang lalu
@karinejulia-p2b,ğğ“ğ•â¶â»â½  platform yang terus berkembang dan berinovasi.,1 hari yang lalu
@Ryiencihuyyy,Jadi camat aja si nnaelğŸ˜‚,8 jam yang lalu
@fairytsle,"yaa gmn, jam terbang beda. lebih duluan butsss, tapi lutpi jugaa bagus kok untuk menggantikan butsss",12 jam yang lalu
@hildamozaik,"Tidak pernah merasa bosan sedikit pun bermain ğğ“ğ•â¶â»â½, karena selalu ada inovasi dan kejutan!",1 hari yang lalu
@AnjuDevi-ll4si,[Ì…Ì²P][Ì…Ì²U][Ì…Ì²L][Ì…Ì²A][Ì…Ì²U][Ì…Ì²7][Ì…Ì²7][Ì…Ì²7] tampil dengan desain modern,1 hari yang lalu
@AmarSingh-fh3xp,"Tiap hari auto cuaan, top banget PÌ½Í“UÌ½Í“LÌ½Í“AÌ½Í“UÌ½Í“7Ì½Í“7Ì½Í“7Ì½Í“.",1 hari yang lalu
@MonkeyKing90,ğŸ…¿ï¸ğŸ†„ğŸ…»ğŸ…°ï¸ğŸ†„777 selalu punya fitur keren,1 hari yang lalu
@Aadi_24336,ğŸ…¿ï¸ğŸ†„ğŸ…»ğŸ…°ï¸ğŸ†„777 punya fitur paling lengkap,1 hari yang lalu
@subitaKumari-qf1fn,03.10 [Ì…Ì²P][Ì…Ì²U][Ì…Ì²L][Ì…Ì²A][Ì…Ì²U][Ì…Ì²7][Ì…Ì²7][Ì…Ì²7] selalu jadi pilihan utama,1 hari yang lalu
@dalimimalakar375,05:00 ğŸ…¿ï¸ğŸ†„ğŸ…»ğŸ…°ï¸ğŸ†„777: Hadiah besar menantimu!,1 hari yang lalu
@Rockyv00340j,"â–ˆâ–“â–’â–’â–‘â–‘â–‘ğ’«ğ’°ğ¿ğ’œğ’°ğŸ©ğŸ©ğŸ©â–‘â–‘â–‘â–’â–’â–“â–ˆ bikin hari-hari makin cuaan, mantap banget.",1 hari yang lalu
@pareshroy4535,Jadilah pemenang berikutnya di ğŸ…¿ï¸ğŸ†„ğŸ…»ğŸ…°ï¸ğŸ†„777!,1 hari yang lalu
@Paris22-gh7rq,"Mainin ryota donk coach biar ,,onic nyungsep lagiğŸ˜…",1 hari yang lalu
@DreKurniawan21,Pantes dri dlu geek fam ga prna berkembang'orang roam ya ga prna jelas montage angin main chou skill main dibawah rataÂ²player umum,1 hari yang lalu
@Raju-p5h3y,ğŸ…¿ï¸ğŸ†„ğŸ…»ğŸ…°ï¸ğŸ†„777 tempat favorit buat seru-seruan,1 hari yang lalu
@shahidjamal9116,"Main di ğŸ…¿ï¸ğŸ†„ğŸ…»ğŸ…°ï¸ğŸ†„777, lebih banyak kesempatan menang!",1 hari yang lalu
@mdsonu4763,"Tiap hari jepe terus, emang PÌ½Í“UÌ½Í“LÌ½Í“AÌ½Í“UÌ½Í“7Ì½Í“7Ì½Í“7Ì½Í“ terbaik!",1 hari yang lalu
@KhushlbhaiSonara,"06:00 ğŸ…¿ï¸ğŸ†„ğŸ…»ğŸ…°ï¸ğŸ†„777, permainan seru dan penuh keuntungan!",1 hari yang lalu
@Ayuk8SzF,"Main di Ğ ğ™€ ğ‘ O ğŸ´ 8 bikin happy banget, hasilnya gacir abis! ğŸ¦Ÿ",1 hari yang lalu
@RaviiKPgr,"Jika Anda menikmati permainan strategis, Ğ ğ™€ ğ‘ O ğŸ´ 8-mungkin menarik. ğŸ¥’",1 hari yang lalu
@RinaZpupo,"Di Ğ ğ™€ ğ‘ O ğŸ´ 8 saya menemukan peluang, dari tukang sayur jadi pemilik supermarket. ğŸ¥ƒ",1 hari yang lalu
@AgusrFu21,"Sungguh luar biasa dan bikin nagih! Ğ ğ™€ ğ‘ O ğŸ´ 8-membuat ketagihan yang tak tertahankan, sangat sulit untuk berhenti bermain! ğŸƒ",1 hari yang lalu
@AndiHDlFK,Rezeki memang nggak kemana! Main di Ğ ğ™€ ğ‘ O ğŸ´ 8-bikin untung besar. ğŸˆ,1 hari yang lalu
@MinsLjHT,Keuntungan di Ğ ğ™€ ğ‘ O ğŸ´ 8 memungkinkan saya untuk membeli rumah impian. ğŸ˜„,1 hari yang lalu
@FaizDz1dX,"Main di Ğ ğ™€ ğ‘ O ğŸ´ 8-auto good vibes, rezeki emang udah ada yang ngatur! ğŸ¦”",1 hari yang lalu
@XiangtWwOK,"Gak pernah bosen main Ğ ğ™€ ğ‘ O ğŸ´ 8, selalu ada update dan inovasi terbaru! ğŸ’ ",1 hari yang lalu
@dhanugfreefire3559,05:00 ğŸ…¿ï¸ğŸ†„ğŸ…»ğŸ…°ï¸ğŸ†„777: Hadiah besar menantimu!,1 hari yang lalu
@Killerhunter-k9q,"Main santai tapi WD Gacir, cuma di Ì¶PÌ¶UÌ¶LÌ¶AÌ¶UÌ¶7Ì¶7Ì¶7Ì¶.",1 hari yang lalu
@Goodfrad96,"Hanya di ğŸ…¿ï¸ğŸ†„ğŸ…»ğŸ…°ï¸ğŸ†„777, game seru &amp; menang besar!",1 hari yang lalu
@rkmubarakail4068,"jepe pagi, siang, malem! Cuma di â–ˆâ–“Ì¶PÌ¶UÌ¶LÌ¶AÌ¶UÌ¶7Ì¶7Ì¶7Ì¶.",1 hari yang lalu
@jayramkhara6831,[Ì…Ì²P][Ì…Ì²U][Ì…Ì²L][Ì…Ì²A][Ì…Ì²U][Ì…Ì²7][Ì…Ì²7][Ì…Ì²7] selalu bikin penasaran,1 hari yang lalu
@KandSkiteflying,ubur ubur ikan lele cari ğŸ…¿ï¸ğŸ†„ğŸ…»ğŸ…°ï¸ğŸ†„777 di google leee,1 hari yang lalu
@soniyadev4130,06:00 Nikmati promo spesial hanya diï¼°â“¤ï¼¬ï¼¡ï¼µ777!,1 hari yang lalu
@asgaming9652,Saya suka gimana ğŸ…¿ï¸ğŸ†„ğŸ…»ğŸ…°ï¸ğŸ†„777 selalu update,1 hari yang lalu
@madhabisarkar8047,Jadilah pemenang berikutnya di ğŸ…¿ï¸ğŸ†„ğŸ…»ğŸ…°ï¸ğŸ†„777!,1 hari yang lalu
@AmitKumar-ye4zq,Hadirkan kemenangan dengan ğŸ…¿ï¸ğŸ†„ğŸ…»ğŸ…°ï¸ğŸ†„777!,1 hari yang lalu
@chitajena7435,Saya gak nyesel coba ğŸ…¿ï¸ğŸ†„ğŸ…»ğŸ…°ï¸ğŸ†„777,1 hari yang lalu
@AniketPassi-pn5jo,Peluang menang besar hanya di ğŸ…¿ï¸ğŸ†„ğŸ…»ğŸ…°ï¸ğŸ†„777!,1 hari yang lalu
@cescadywijaya4231,BersatuğŸ˜…ğŸ˜‚,1 hari yang lalu
@intanMargareta-sw5qp,"ini lh manusia sempurna, mulai dari fisik, skill, dompet ada semua di kairiğŸ˜‚",1 hari yang lalu
@ipoyt7935,semoga yang komen judi dan yang maen judi tambah miskin aamiin,1 hari yang lalu
@pixelmeter1402,Hellcurtnya nggak ada impactnya sama sekali di mid - late,1 hari yang lalu
@aderuswana8771,Ko riyota ga di mainin sih ga seru,1 hari yang lalu
@mazzdolar,Komen judol semua njirğŸ˜‚,1 hari yang lalu
@FarelFarel-u8l,Onicccc,1 hari yang lalu
@tayhook2957,BALOY GAGUNA,1 hari yang lalu
@KaiaRoyrench-x7u,"Nyimak abang , ğ’ğ†ğˆğŸ–ğŸ– Cair mulu ğŸ˜",1 hari yang lalu
@KaleighPaynerench-n9t,Yang di tunggu tunggu salam Jepe ğ’ğ†ğˆğŸ–ğŸ–,1 hari yang lalu
@KoenCruzrench-j7h,"Keren banget bang ğŸ˜‚ , Salam JePE â­ğ’ğ†ğˆğŸ–ğŸ–",1 hari yang lalu
@PaulValenciarench-s1x,"coba di ğŸš©ğ’ğ†ğˆğŸ–ğŸ–ğŸš©, gak ribet ! salam petir x 500",1 hari yang lalu
@JaedenMartinezrench-t1d,yang pro aja bang di ğ’ğ†ğˆğŸ–ğŸ– ğŸ‘,1 hari yang lalu
@TyshawnFarrellrench-n7u,Terus berkembang arhan semangattt!!!!! Salam ğ’ğ†ğˆğŸ–ğŸ–! gampang Jepe,1 hari yang lalu
@PresleyLerench-v6o,Semangat bang buat konten nya ğŸ˜ŠSalam ğ’ğ†ğˆğŸ–ğŸ–! gampang Jepe,1 hari yang lalu
@FrancoFergusonrench-g8q,0:02 Wah keren ğ’ğ†ğˆğŸ–ğŸ– terbaik menang mudah,1 hari yang lalu
@JanGibbsrench-b8v,Sukaaa bangettt sama â­ğ’ğ†ğˆğŸ–ğŸ–,1 hari yang lalu
@LeahHorench-h6l,"Sempet coba yang lain tapi gak semanis di ğŸš©ğ’ğ†ğˆğŸ–ğŸ–ğŸš© ,sering ngasih wede bang coba deh cari aja di google",1 hari yang lalu
@JaidynMezarench-w4f,0:03 Keren boleh coba bang gas di ğ’ğ†ğˆğŸ–ğŸ–,1 hari yang lalu
@SalmaStantonrench-g6e,Akhirrrnyaaa bagus konten abang !! luar biasa coba main di â­ğ’ğ†ğˆğŸ–ğŸ–,1 hari yang lalu
@KendallFritzrench-z8i,ğŸ‘ ğ’ğ†ğˆğŸ–ğŸ– ğŸ‘Œ,1 hari yang lalu
@DawsonPrincerench-v4r,ğ’ğ†ğˆğŸ–ğŸ– keren banget ğŸ˜Š,1 hari yang lalu
@EmiliaKleinrench-l8r,Awal kebangkitan cuan pasti di ğ’ğ†ğˆğŸ–ğŸ–,1 hari yang lalu
@ClarkMcdanielrench-t3c,The best tahun ini di ğ’ğ†ğˆğŸ–ğŸ– pasti byar!,1 hari yang lalu
@EveCrawfordrench-m7p,"Cakep Kali ğŸš©ğ’ğ†ğˆğŸ–ğŸ–ğŸš©, Bravo..",1 hari yang lalu
@JuliaSwansonrench-h6o,emng bener kemarin udah coba di probet hari ini mau gas lagi ahh ğŸš©ğ’ğ†ğˆğŸ–ğŸ–ğŸš© kawan berbuah manis,1 hari yang lalu
@AbbeyPoperench-p3n,"di ajakin abang w main di ğ’ğ†ğˆğŸ–ğŸ– benaran g*cor parah ,langanan 3 hari sekali dapat terus uang jajan cek google ğŸš©ğ’ğ†ğˆğŸ–ğŸ– ğŸš©",1 hari yang lalu
@TateGilesrench-o7b,2:25  langsung di ğ’ğ†ğˆğŸ–ğŸ– bang ğŸ˜¹ğŸ˜¹,1 hari yang lalu
@AbbieMcintyrerench-c4p,terima kasi rezekinya  â­ğ’ğ†ğˆğŸ–ğŸ–,1 hari yang lalu
@BruceGilmorerench-z3h,Gak pernah kecewa nonton video kamu! Selalu bermanfaat dan seru! dp 5k di ğ’ğ†ğˆğŸ–ğŸ–,1 hari yang lalu
@CatherineWhiterench-f6h,2:25  langsung di ğ’ğ†ğˆğŸ–ğŸ– bang ğŸ˜¹ğŸ˜¹,1 hari yang lalu
@CorneliusCortezrench-q5z,"jepey terus di ğ’ğ†ğˆğŸ–ğŸ–, beneran!",1 hari yang lalu
@KiannaAustinrench-m8l,9:11  bang tadi jam segitu menang besar w di ğŸš©ğ’ğ†ğˆğŸ–ğŸ–ğŸš©,1 hari yang lalu
@CamilleSteinrench-m7f,Jujur klo main mending di ğ’ğ†ğˆğŸ–ğŸ– bang,1 hari yang lalu
@PamelaJamesrench-v2p,Sukaaa bangettt sama â­ğ’ğ†ğˆğŸ–ğŸ–,1 hari yang lalu
@LilahOwenrench-k6p,AkhirnyaağŸ‰ğŸ‰ğŸ‰ Salam â­ğ’ğ†ğˆğŸ–ğŸ–! gampang Jepe,1 hari yang lalu
@IzayahToddrench-q7n,â¤ ğ’ğ†ğˆğŸ–ğŸ– â¤,1 hari yang lalu
@SaigePrestonrench-s2q,2:25  langsung di ğ’ğ†ğˆğŸ–ğŸ– bang ğŸ˜¹ğŸ˜¹,1 hari yang lalu
@TristinBuchananrench-y5m,Seru nich  ğ’ğ†ğˆğŸ–ğŸ– cair terus ğŸ˜Š,1 hari yang lalu
@AbbeyRamirezrench-i9l,Gak pernah kecewa nonton video kamu! Selalu bermanfaat dan seru! dp 5k di ğ’ğ†ğˆğŸ–ğŸ–,1 hari yang lalu
@JaylenBassrench-p6l,terima kasi rezekinya  â­ğ’ğ†ğˆğŸ–ğŸ–,1 hari yang lalu
@PalomaLirench-f2k,ğŸ‘ ğ’ğ†ğˆğŸ–ğŸ– ğŸ‘Œ,1 hari yang lalu
@KatrinaLloydrench-e3n,â­ğ’ğ†ğˆğŸ–ğŸ– bikin ketagihan!,1 hari yang lalu
@NoeHallrench-l5t,"Berkah rezeki hari ini berkat â­ğ’ğ†ğˆğŸ–ğŸ–,puji syukur!",1 hari yang lalu
@ArielSnyderrench-b8d,gw udah coba guys di ğ’ğ†ğˆğŸ–ğŸ– cair mulu ğŸ‘,1 hari yang lalu
@ShaunMathewsrench-k4d,"coba di ğŸš©ğ’ğ†ğˆğŸ–ğŸ–ğŸš©, gak ribet ! salam petir x 500",1 hari yang lalu
@AndreasWalkerrench-q8d,Sehat selalu semuanya salam dari ğ’ğ†ğˆğŸ–ğŸ– gampang jepe,1 hari yang lalu
@KAIRI_KAINAN,ADA apa dengan BALOY,1 hari yang lalu
@AlifV5no,"Wah, bener-bener gacir! Coba main sekarang juga, pasti nggak bakal nyesel! ğ˜¿ ğ‘‚ R ğ€ ğŸ½ ğŸ© ğŸš…",1 hari yang lalu
@AlyaTwHm9,"Rezeki nomplok hari ini datang dari Ğ ğ‘‹ ğ¿ ğŸ³ ğŸ³ 7,bener-bener puas banget! ğŸš™",1 hari yang lalu
@LiamyzlCW,ĞğºUğ˜šğ‘‡Oğ˜›ğmenawarkan pengalaman yang efisien dan ringkas. ğŸ•,1 hari yang lalu
@AlyadAZJg,"Tarik semua hasil kemenangan dari ğ˜¿ Ğ• ğ– A ğƒ ğ‘‚ R ğ€,saatnya mewujudkan impian! ğŸ¬",1 hari yang lalu
@Eli7qGxt,A ğ¸ Ğ¯ ğ˜– ğŸª ğŸ¾menyediakan platform untuk ekspresi kreatif. ğŸ—,1 hari yang lalu
@TariqWMpA6,Ğğ†ğ˜œSTOğ™ğmenawarkan pendekatan yang berbeda untuk keterlibatan daring. ğŸ§†,1 hari yang lalu
@Fatima1ibsk,"Nggak ada yang bisa prediksi, tapi di ğ˜ˆğºğ‘ˆSğ‘‡ğ™Šğ˜›Ğ,keberuntungan bisa datang kapan saja! â›©",1 hari yang lalu
@RinaloxpW,ğ´ ğ™ƒ ğŒ ğ˜ˆ ğ˜¿ ğ™ ğ™Š ğ™ ğ˜–menarik semakin banyak pengguna. ğŸ¦ª,1 hari yang lalu
@Eli8nB0c,Rezeki yang tak pernah disangka datang terus dari ğ˜‹ ğ„ W ğ˜ˆ ğƒ ğ ğ˜™ ğ€! ğŸ½,1 hari yang lalu
@SamiAJpIc,"Gacir banget main di ğ´ ğ™ƒ ğ‘€ Ğ ğ˜‹ T Ğ ğ‘‡ ğ˜–,hasilnya langsung berlipat ganda! ğŸšŠ",1 hari yang lalu
@KofiUZUlx,ğ· ğ˜– ğ‘ ğ´ ğŸ© ğŸ³menyediakan ruang untuk kolaborasi dan kerja tim. ğŸ¥,1 hari yang lalu
@HudaSnzhF,Gak pernah bosen main di D ğ„ ğ™’ Ğ D ğ™Š ğ™ ğ˜¼! Selalu ada hal baru! ğŸ˜™,1 hari yang lalu
@AliMrPpv,"Awalnya hanya iseng-iseng mencoba bermain ğ· ğ˜Œ ğ‘Š ğ´ D ğ˜– Ğ¯ ğ€,eh ternyata malah menjadi seorang ahli, rezeki pun datang terus menerus tanpa henti! ğŸ",1 hari yang lalu
@WeieLxYs,Seru banget main di A H ğŒ ğ´ ğ· ğ˜› Ğ ğ‘‡ ğ˜–! Gak nyangka bisa menang besar! â›º,1 hari yang lalu
@Ditasshc8,"Dapet rezeki besar dari ğ´Gğ™Sğ˜›ğ‘‚ğ˜›O,nggak nyangka main jadi seasyik ini! ğŸ¥£",1 hari yang lalu
@IvanXj7kk,"Kece badai! Main di ğ€ğºğ˜œğ˜šğ‘‡ğ˜–ğ‘‡ğ-lancar, cuan juga lancar jaya! ğŸ‘ˆ",1 hari yang lalu
@LiamQQMl2,"menang besar bikin hari ini makin seru, cuma di ğ˜‹ Ğ ğ™ ğ€ ğŸ³ ğŸ½! ğŸ§˜",1 hari yang lalu
@MahesauDCio,"WD lancar banget, nggak pake ribet",1 hari yang lalu
@WirazF4Wf,"Modal kecil gacur, lgsng jepe brusan",1 hari yang lalu
@EthandWAzp,"Baru coba, lgsng jepe pertama kali",1 hari yang lalu
@BimakavbZ,Swert Bonanja bener-bener gacir banget,1 hari yang lalu
@KresnauK1Dr,"Baru maen lgsng jepek, modal kecil aja",1 hari yang lalu
@CalebYFRcj,"Jepe terus tiap maen, nggak prnh gagal",1 hari yang lalu
@PanduUKA2N,"Game-nya gacir, sketer nggak prnh zonk",1 hari yang lalu
@LoganJMNjf,"Swert Bonanja gacir banget hari ini, mantul",1 hari yang lalu
@PratamaObJT6,Sering banget dapet sketer di sini,1 hari yang lalu
@Ashtonq8mSG,"Gacur banget, auto wede tiap hari",1 hari yang lalu
@HadiGeiCy,"Wede brusan lancar, mntp banget sih",1 hari yang lalu
@HadiGcRzV,"Jepe terus tiap maen, nggak prnh gagal",1 hari yang lalu
@MaxwellvzsgH,"Swert Bonanja makswin, puas banget",1 hari yang lalu
@Dylan1u3FM,Modal kecil lgsng jepek di Gates,1 hari yang lalu
@HudsonNeLOE,Modal receh lgsng jepe brusan,1 hari yang lalu
@FinleyhNJqp,"Modal receh, lgsng mekswin GG",1 hari yang lalu
@Anantaem99C,"Baru jepe, wede lancar banget",1 hari yang lalu
@PradiptaIDpBw,"Makswin brusan di Starlight, nggak nyangka",1 hari yang lalu
@ArjunamUT0w,Petir merah di Gates bikin aku mekswin,1 hari yang lalu
@OliverAzqd3,"Jepe terus tiap maen, nggak prnh gagal",1 hari yang lalu
@AryamIEDW,"Jepe mulu di sini, nggak prnh zonk",1 hari yang lalu
@Fajare40oL,"Wede lancar banget, pelayanan top",1 hari yang lalu
@TamaXwtkP,"Gacur banget, auto wede tiap hari",1 hari yang lalu
@PanduvdIct,"Jepe brusan di Gates, auto wede",1 hari yang lalu
@DanuzzfdF,"Baru daftar, maen sebentar, lgsng jepe",1 hari yang lalu
@MilesRKA5b,"Swert Bonanja gacir pol, nggak prnh zonk",1 hari yang lalu
@AdityaFWwtn,"sketer terus muncul, tiap maen jepek",1 hari yang lalu
@JayauvM9Q,"maen Swert Bonanja, sketer terus-terusan",1 hari yang lalu
@NathanKL1Q1,"Swert Bonanja gacir, modal kecil jepek",1 hari yang lalu
@Xavier2XAPq,"ertepe-nya tinggi banget, nggak nyesel maen",1 hari yang lalu
@KresnaepVxA,"Baru coba, lgsng jepe pertama kali",1 hari yang lalu
@Pandu9npNl,"maen di sini auto jepe terus, GG banget",1 hari yang lalu
@JudebF11l,"sketer sering keluar, jepek terus jadinya",1 hari yang lalu
@KieranzekRQ,"ertepe-nya tinggi banget, nggak nyesel maen",1 hari yang lalu
@LangitlIlGs,"Wede brusan lancar, mntp banget sih",1 hari yang lalu
@Caleby1SAb,"Baru makswin, wede lancar banget",1 hari yang lalu
@RadityaO3RMh,"Swert Bonanja gacir pol, nggak prnh zonk",1 hari yang lalu
@LeotjMgv,"Baru daftar, maen sebentar, lgsng jepe",1 hari yang lalu
@Levi1LfXA,"Swert Bonanja gacir, jepe tiap maen",1 hari yang lalu
@AlifcyOTV,"Jepe lagi hari ini, wede gampang banget",1 hari yang lalu
@RowanHIVBC,"Gacir abis, udh wede berkali-kali",1 hari yang lalu
@CahyaAq6mC,"Wede lagi hari ini, gacir banget sih ini",1 hari yang lalu
@afdillawibowopratama5382,Udah gw report mampuss,1 hari yang lalu
@edward7294,Bpkmu,1 hari yang lalu
@OpanGanteng-ph3fs,Slot dongo,23 jam yang lalu
@prematursakti8118,Orang gila ternyata ğŸ˜‚,13 menit yang lalu
@HanajMrdC,Penasaran dengan Ğ ğ™“ ğ™‡ ğŸ³ ğŸ½ ğŸ³? Layak untuk dieksplorasi. ğŸ‹,1 hari yang lalu
@Ditan3r9M,"menang hari ini bener-bener luar biasa, cuma di ğ˜¿ E ğ‘Š ğ˜¼ ğ˜‹ ğ˜– ğ˜™ ğ€! ğŸªƒ",1 hari yang lalu
@Danii1baV,"Main sebentar aja langsung dapet rezeki besar, keren banget ĞGğ‘ˆğ‘†ğ‘‡ğ˜–Tğ™Š! ğŸš‚",1 hari yang lalu
@Kofi57yOS,"Rezeki nomplok hari ini berkat ğ˜¿ ğ™Š Ğ¯ ğ˜¼ ğŸ½ ğŸ©,alhamdulillah! ğŸ¼",1 hari yang lalu
@IvanXj7kk,Mencari kegiatan baru? A X ğ‹ 7 ğŸ³ ğŸ³-menawarkan pengalaman yang menarik. ğŸ,1 hari yang lalu
@Zanei3GIg,Temukan potensi Ağ†ğ˜œğ’ğ‘‡Oğ‘‡Ğ. ğŸŒ®,1 hari yang lalu
@AlyadAZJg,Ğ ğ˜Ÿ ğ˜“ ğŸ© ğŸ½ ğŸ©menyediakan antarmuka yang ramah pengguna. ğŸ¥¯,1 hari yang lalu
@JelmyKurniawan-x2s,Hc nya ğŸ˜…,1 hari yang lalu
@AminAmina-c5g,Alhamdulillah onic juaraa â¤ğŸ‰ğŸ¤©ğŸ¤©ğŸ¤©ğŸ¤©ğŸ¤©,1 hari yang lalu
@GunarjoSalim-to5ip,Kembalikan onic dulu,1 hari yang lalu
@RickeyLaisha-b9j,"Bandar Weton88â˜€ auto, sultan gacur",1 hari yang lalu
@ParraWaldron-e8q,"Min video lu baguss , tetap pilih WETON88 ğŸ˜¢",1 hari yang lalu
@LuisaRylie-q4h,Semangat bang buat konten nya ğŸ˜ŠSalam ğ—ªğ—˜ğ—§ğ—¢ğ—¡ğŸ´ğŸ´! gampang Jepe,1 hari yang lalu
@NickersonFoley-x4e,emng bener kemarin udah coba di probet hari ini mau gas lagi ahh ğŸš©ğ—ªğ—˜ğ—§ğ—¢ğ—¡ğŸ´ğŸ´ğŸš© kawan berbuah manis,1 hari yang lalu
@HayMeans-s2k,terima kasi rezekinya  â­ğ—ªğ—˜ğ—§ğ—¢ğ—¡ğŸ´ğŸ´,1 hari yang lalu
@RexWatson-c8p,"coba di ğŸš©ğ—ªğ—˜ğ—§ğ—¢ğ—¡ğŸ´ğŸ´ğŸš©, gak ribet ! salam petir x 500",1 hari yang lalu
@RowleyEsparza-l9k,Semangat bang buat konten nya ğŸ˜ŠSalam ğ—ªğ—˜ğ—§ğ—¢ğ—¡ğŸ´ğŸ´! gampang Jepe,1 hari yang lalu
@SymoneTammy-d2x,weton88 keren banget ğŸ˜Š,1 hari yang lalu
@AlanizMills-j4t,ğŸš©ğ—ªğ—˜ğ—§ğ—¢ğ—¡ğŸ´ğŸ´ tempat paling uhuy!,1 hari yang lalu
@AdamarisHinkle-x5j,Cair terus ini kakak mantap banget cuan di Weton88,1 hari yang lalu
@JasperkyWu1,"Baru maen lgsng jepek, wede lancar banget",1 hari yang lalu
@SatriogPaIE,"WD lancar banget, nggak pake ribet",1 hari yang lalu
@Arya1FPLo,"maen di sini auto jepe terus, GG banget",1 hari yang lalu
@MicahhjImm,"Baru wede 2 juta, prosesnya gampang banget",1 hari yang lalu
@Calebu5u1O,"Petir merah muncul terus, auto makswin",1 hari yang lalu
@Maddox6C2Pl,"Swert Bonanja gacir, modal kecil jepek",1 hari yang lalu
@KresnaZOhRs,"Swert Bonanja gacir pol, puas banget",1 hari yang lalu
@EmmettWjm6W,"Wede lancar banget, pelayanan top sih",1 hari yang lalu
@EzraecHCm,"Wede lancar banget, pelayanan top",1 hari yang lalu
@JatmikoNWp6e,"Top up gampang, wede juga cepet banget",1 hari yang lalu
@FelixktKUn,"Modal receh, lgsng mekswin GG",1 hari yang lalu
@Carter2d2sE,"Petir merah muncul terus, auto makswin",1 hari yang lalu
@MaddoxUm4z9,"maen santai, jepe terus di sini",1 hari yang lalu
@CahyajEfkX,"Baru jepe 2 kali, wede lancar banget",1 hari yang lalu
@PratamaUjkh1,Modal 50 ribu jepe lgsng wede,1 hari yang lalu
@OwenUBMc0,"Baru maen, lgsng makswin, GG banget",1 hari yang lalu
@DamarlPYBl,"Jepe pertama kali maen, puas banget",1 hari yang lalu
@Zaner8DUg,"Swert Bonanja gacir pol, nggak prnh zonk",1 hari yang lalu
@BayuVLRWn,"Baru jepe, wede lancar banget",1 hari yang lalu
@Dwianas-zx1ye,Iya ajg,1 hari yang lalu
@kripiknyee,LOL,4 jam yang lalu
@denixiaomiredmi3420,wkwkkwkwkw,1 jam yang lalu
@HammondVogt-z1e,Lancar lancar bang salam Jepe â­ğ—ªğ—˜ğ—§ğ—¢ğ—¡ğŸ´ğŸ´,1 hari yang lalu
@KangBurnside-p5c,ğŸ‘ ğ—ªğ—˜ğ—§ğ—¢ğ—¡ğŸ´ğŸ´ ğŸ‘Œ,1 hari yang lalu
@HelenLyndsey-e2f,"coba di ğŸš©ğ—ªğ—˜ğ—§ğ—¢ğ—¡ğŸ´ğŸ´ğŸš©, gak ribet ! salam petir x 500",1 hari yang lalu
@FreddyNakia-g7y,0:03 Keren boleh coba bang gas di ğ—ªğ—˜ğ—§ğ—¢ğ—¡ğŸ´ğŸ´,1 hari yang lalu
@GreshamMartel-p5m,Ada notif langsung nonton ğŸ˜‚ğŸ˜‚ soalnya habis jepe di WETON88,1 hari yang lalu
@ClaryAngelique-l4c,"Nyimak abang , Weton88 Cair mulu ğŸ˜",1 hari yang lalu
@HessHussain-w5i,"ke 3 bang ,salam jepe Weton88",1 hari yang lalu
@GriffithsSouthard-k4t,Class bosğŸš© ğ—ªğ—˜ğ—§ğ—¢ğ—¡ğŸ´ğŸ´ğŸš© gak ribet depo cepat dan wd lancar,1 hari yang lalu
@BravoAdamson-x9y,emng bener kemarin udah coba di probet hari ini mau gas lagi ahh ğŸš©ğ—ªğ—˜ğ—§ğ—¢ğ—¡ğŸ´ğŸ´ğŸš© kawan berbuah manis,1 hari yang lalu
@BeaulieuGates-s5m,Lancar lancar bang salam Jepe â­ğ—ªğ—˜ğ—§ğ—¢ğ—¡ğŸ´ğŸ´,1 hari yang lalu
@GrecoSylvester-z9p,auto jepey! ğ—ªğ—˜ğ—§ğ—¢ğ—¡ğŸ´ğŸ´,1 hari yang lalu
@ShannonShayna-q8b,weton88 keren banget ğŸ˜Š,1 hari yang lalu
@LandisRosen-m3k,"Semangat Bosqu , Terbaik â­ğ—ªğ—˜ğ—§ğ—¢ğ—¡ğŸ´ğŸ´",1 hari yang lalu
@RansomHuffman-n9u,"Gak pernah gagal,weton88ğŸ”¥",1 hari yang lalu
@GoldmanBroussard-c6m,0:03 Keren boleh coba bang gas di ğ—ªğ—˜ğ—§ğ—¢ğ—¡ğŸ´ğŸ´,1 hari yang lalu
@McIntyreWatt-x8o,Busett cerahh banget ğŸš©ğ—ªğ—˜ğ—§ğ—¢ğ—¡ğŸ´ğŸ´ğŸš© encess sama koinya lagi ngasih mulu,1 hari yang lalu
@JakeLilianna-y5y,Geloo ğ—ªğ—˜ğ—§ğ—¢ğ—¡ğŸ´ğŸ´ Cair terus x100,1 hari yang lalu
@SeanMcCloud-c8f,05:35 âš¡ï¸WETON88âš¡ï¸ tempat ngadu nasib wkwkw,1 hari yang lalu
@TamyaHutchings-y9e,mending bang coba di ğŸš©ğ—ªğ—˜ğ—§ğ—¢ğ—¡ğŸ´ğŸ´ğŸš© selama ini di bayar wede w !! gak pernah bermasalah,1 hari yang lalu
@BeardenMcfarlane-c8y,Cair terus ini kakak mantap banget cuan di Weton88,1 hari yang lalu
@KovachFredy-q2n,epic moment ğŸ‰ ğ—ªğ—˜ğ—§ğ—¢ğ—¡ğŸ´ğŸ´,1 hari yang lalu
@KamerynShelbi-f1l,Maaf terlambat bang semangat ya Salam ğ—ªğ—˜ğ—§ğ—¢ğ—¡ğŸ´ğŸ´! gampang Jepe,1 hari yang lalu
@GalileaAnahi-g1r,yang pro aja bang di Weton88 ğŸ‘,1 hari yang lalu
@CeballosPoindexter-b3e,"Salam â­ğ—ªğ—˜ğ—§ğ—¢ğ—¡ğŸ´ğŸ´! gampang Jepe ,Sehat selalu buat semuanya",1 hari yang lalu
@purbaardiyan6018,ONIC yang perang dalam turet udah gada yağŸ˜¢ğŸ˜¢ğŸ˜¢ rindu sama gameplay ONIC yg nabrak turet,1 hari yang lalu
@BryannaVarney-h9l,"jepey terus di ğ—ªğ—˜ğ—§ğ—¢ğ—¡ğŸ´ğŸ´, beneran!",1 hari yang lalu
@FoltzMabry-l6g,Jujur klo main mending di weton88 bang,1 hari yang lalu
@LaneySmallwood-y1w,gatot barusan coba langsung jatuh perkalian 1000 langsung aja cari situsnya ğŸš©Weton88ğŸš©,1 hari yang lalu
@DillionElaina-v7v,Konten yang luar biasa! Keren banget cara kamu menjelaskannya! Main yang bagus di sini bang â­ğ—ªğ—˜ğ—§ğ—¢ğ—¡ğŸ´ğŸ´,1 hari yang lalu
@GiovaniRagsdale-r3v,Class bosğŸš© ğ—ªğ—˜ğ—§ğ—¢ğ—¡ğŸ´ğŸ´ğŸš© gak ribet depo cepat dan wd lancar,1 hari yang lalu
@JailynHughes-q2y,"terimakasih selalu upload bg, walaupun masih sibukğŸ‰ğ—ªğ—˜ğ—§ğ—¢ğ—¡ğŸ´ğŸ´",1 hari yang lalu
@KadinJaida-d5m,Cair terus ini kakak mantap banget cuan di Weton88,1 hari yang lalu
@CodyPaulsen-m3d,"ğŸš©ğ—ªğ—˜ğ—§ğ—¢ğ—¡ğŸ´ğŸ´ saya maen santai aja, tetep bisa WEDEY jutaan",1 hari yang lalu
@YesicaGisselle-e6h,9:11  bang tadi jam segitu menang besar w di ğŸš©ğ—ªğ—˜ğ—§ğ—¢ğ—¡ğŸ´ğŸ´ğŸš©,1 hari yang lalu
@CagleRoot-g6o,"Suka banget bang sama konten abang , jangan lupa ences di Weton88 gampang pecah",1 hari yang lalu
@ShelbieBlackmon-z4r,Seperti biasa sehat selalu kang semngat ngonten dan dilancarkan segala urusannya Salam dari ğŸš©ğ—ªğ—˜ğ—§ğ—¢ğ—¡ğŸ´ğŸ´ â¤,1 hari yang lalu
@AndersenCornell-k8g,gatot barusan coba langsung jatuh perkalian 1000 langsung aja cari situsnya ğŸš©Weton88ğŸš©,1 hari yang lalu
@CazaresStJohn-u8s,"Nyimak abang , Weton88 Cair mulu ğŸ˜",1 hari yang lalu
@HavensLangdon-j3o,Memang web terbaik se asia gak salah pilih cuma ğŸš©Weton88ğŸš© yang bisa gni !,1 hari yang lalu
@GenesisDarion-d8v,"nih saya kasih ilmu , main di ğŸš©ğ—ªğ—˜ğ—§ğ—¢ğ—¡ğŸ´ğŸ´ !!ğŸš© gak usah pusing pola dll gas main dapat hasil wd dah gampang",1 hari yang lalu
@DarkSystem-ktg,masi ada bang,1 hari yang lalu
@fairytsle,main aman dulu kali,12 jam yang lalu
@MeadorMcmillen-z1i,jepey gmpng banget di ğ—ªğ—˜ğ—§ğ—¢ğ—¡ğŸ´ğŸ´ â­,1 hari yang lalu
@AlianaMarshall-z2r,"nih saya kasih ilmu , main di ğŸš©ğ—ªğ—˜ğ—§ğ—¢ğ—¡ğŸ´ğŸ´ !!ğŸš© gak usah pusing pola dll gas main dapat hasil wd dah gampang",1 hari yang lalu
@BussGirard-o7n,"Min video lu baguss , tetap pilih WETON88 ğŸ˜¢",1 hari yang lalu
@DudleyCatalano-k3o,jepey gmpng banget di ğ—ªğ—˜ğ—§ğ—¢ğ—¡ğŸ´ğŸ´ â­,1 hari yang lalu
@IvanaBock-g6l,emng bener kemarin udah coba di probet hari ini mau gas lagi ahh ğŸš©ğ—ªğ—˜ğ—§ğ—¢ğ—¡ğŸ´ğŸ´ğŸš© kawan berbuah manis,1 hari yang lalu
@EvelynArnett-w9y,Cair terus ini kakak mantap banget cuan di Weton88,1 hari yang lalu
@GonzalesFranz-g9b,"ke 3 bang ,salam jepe Weton88",1 hari yang lalu
@PappasAcevedo-n1k,gw udah coba guys di Weton88 cair mulu ğŸ‘,1 hari yang lalu
@RutherfordZhao-g1u,"Keren banget! Menang banyak di WETON88,auto liburan mewah!",1 hari yang lalu
@MunizShelby-v2f,0:03 Keren boleh coba bang gas di ğ—ªğ—˜ğ—§ğ—¢ğ—¡ğŸ´ğŸ´,1 hari yang lalu
@ReynoldsKolby-s4y,Cair terus ini kakak mantap banget cuan di Weton88,1 hari yang lalu
@AutumRenteria-p4q,Weton88 is the best â¤â¤â¤,1 hari yang lalu
@HadenMcDowell-s8d,â­ğ—ªğ—˜ğ—§ğ—¢ğ—¡ğŸ´ğŸ´ bikin ketagihan!,1 hari yang lalu
@TravonCroft-l5z,Keren ğŸ‡®ğŸ‡©ğŸ‘ğŸ¼. gas di mari kak Weton88,1 hari yang lalu
@CrooksCloe-b7w,Semangat bang buat konten nya ğŸ˜ŠSalam ğ—ªğ—˜ğ—§ğ—¢ğ—¡ğŸ´ğŸ´! gampang Jepe,1 hari yang lalu
@WhitcombReddy-f7y,"ke 3 bang ,salam jepe Weton88",1 hari yang lalu
@WoodComer-u4v,"nih saya kasih ilmu , main di ğŸš©ğ—ªğ—˜ğ—§ğ—¢ğ—¡ğŸ´ğŸ´ !!ğŸš© gak usah pusing pola dll gas main dapat hasil wd dah gampang",1 hari yang lalu
@MinorSargent-w3e,Gak pernah kecewa nonton video kamu! Selalu bermanfaat dan seru! dp 5k di Weton88,1 hari yang lalu
@RidleyDeana-b2k,Jujur klo main mending di weton88 bang,1 hari yang lalu
@TothGreiner-t3f,"ğŸš©ğ—ªğ—˜ğ—§ğ—¢ğ—¡ğŸ´ğŸ´ saya maen santai aja, tetep bisa WEDEY jutaan",1 hari yang lalu
@jembandfriends,Haters adi kepanasan ğŸ˜­ğŸ˜‚,1 hari yang lalu
@barisankata8067,baloy dari game kedua gaguna,1 hari yang lalu
@ViollinneElizabeth,Lu itu bukan baloy,1 hari yang lalu
@saputraariwijaya7347,baloy mnding balik ph,1 hari yang lalu
@KarnotoStory,"BALOY BOT.. 
tiap maen lawak mulu",1 hari yang lalu
@EGA55T,pecat adi,1 hari yang lalu
@MFadil-n1p,Tinggal nunggu cw Doang ini mah,1 hari yang lalu
@JiuPhin-w3d,"Komentar nya lucu
Emang nya Indonesia lawan negara lain
ğŸ¤£ğŸ¤£ğŸ¤£",1 hari yang lalu
@ay-bs7uz,Balikin lutpiii ke line up onic please ğŸ™ğŸ™,1 hari yang lalu
@Starboyzz01,ada yg tau ga nama jaket yg dipake onic apa trus belinya dimana??,1 hari yang lalu
@radhenmasken,"intinya Lutpi mainin, lagian ngapain ya adi baru kalah sekali season lalu lgsg diganti Rezzz. Padahal lutpi udah punya gelar juara MPL",1 hari yang lalu
@AryanAlahya,"Gajelas sumpah si baloyski wkwk, tolong ganti baloyski banyak MIS",1 hari yang lalu
@RennsotaYT,"Dari MPL Sebelum Sebelum nya, sampai sekarang, Setiap Interview win , player kayak GK kedengaran, apakah mic nya itu GK jalanğŸ˜‚ . Ayolah Mpl masa Tiap Interview, harus ngulang pertanyaan , kasian Budenya GK sihğŸ˜… . Beli speaker kekğŸ˜‚ğŸ˜‚",1 hari yang lalu
@DianBagas-m5h,Camatin aj exp dari ph mending lutpi,1 hari yang lalu
@pucungoyi8098,Cadera lagi push mmr kah min,1 hari yang lalu
@EndotEndot-n7i,HC nya Ga Guna 27:24,1 hari yang lalu
@EndotEndot-n7i,HC nya Ga Guna,1 hari yang lalu
@EndotEndot-n7i,Roam hc haduh,1 hari yang lalu
@sedikittau8406,"Onic itu kairi. 
Klo gda kairi yahh apalah onic . Sllu tergendong SMA kairi.",1 hari yang lalu
@lopoajh239,"ryota di pecat aja
gada ryota=win",1 hari yang lalu (diedit)
@Bgsprtm-p7w,Lah itu Lutfi udh main lol,8 jam yang lalu
@Fannn2RU,â€‹Â @Bgsprtm-p7wÂ maksud dia lutpi jadi Line up utama yg ga di gonta-ganti,3 jam yang lalu
@JohnWickKryyy,Harusnya cuma ada di onic store nggak sih bro?,1 hari yang lalu (diedit)
@Starboyzz01,@JohnWickKryyyÂ  di aplikasi apa bro hehe soalnya gua anak baru yg suka onic,1 hari yang lalu
@rannzydarrel,Kayak gatau sifat adi aja wkwkwk,1 hari yang lalu
@user-zfkt3upghd5,emng Adi kocak orngnya,22 jam yang lalu
@TomiEndrawan-t9p,Pecat aja itu acil... bawa sial dia,1 hari yang lalu
@LboYch,Apasih di percepat mulu,1 hari yang lalu
@LukmanMengg,Mending lutfi dari pada ryouta ğŸ˜‚,1 hari yang lalu
@CeceAndalan,"alhmdullh onic menang hari ini,semoga onic juara ğŸ¥°",1 hari yang lalu
@NoLeep,Didikan buts ğŸ©·ğŸ©·ğŸ©·,1 hari yang lalu
@vendipradana7666,"GAME GOBLOK,SYSTEM RANK GOBLOK, ISI PLAYER GOBLOK, DEVELOPER GOBLOK... PANTES GAK LAKU... PLAYER DI PAKSA KALAH SECARA TIDAK ADIL OLEH DARK SYSTEM... DAMAGE HERO DI KURANGI, ATTAK SPEED DI LAMBAT-LAMBATIM, HERO DI BIKIN EMPUK , JALAN DI BIKIN LAMBAT , DELAY SKILL DI LAMA-LAMAIN , DELAY REVIVE DI LAMA-LAMAIN , KENA STUN DI LAMA-LAMAIN, GOLD & EXP YANG DI DAPAT DI KURANG-KURANGIN... YANG HARUS NYA MENANG DI PAKSA KALAH SECARA TIDAK ADIL... DAPET TIM INDONESIA GOBLOK EGOIS JOKIAN TUKANG TROLL, PIK HERO SEMAU NYA,BAN HERO SEMAU NYA,MAIN SEMAU NYA, BUTA MAP, EGOIS, GA PUNYA HARGA DIRI DAN GA PUNYA TANGGUNG JAWAB... INDO HOBLOK...ğŸ–•ğŸ¤¬ğŸ¤¬",1 hari yang lalu
@theobagushartawan9392,Gara2 baloi,1 hari yang lalu
@GhandaWiduraPragota-xt1zl,Pengen gantiin baloyskie Ya Allah,1 hari yang lalu
@g3n1us_9,Ryota ilang langsung winğŸ˜¹,1 hari yang lalu
@ucupmawena9536,"akhirnya jagoanku menang jga , good game onic ğŸ’›",1 hari yang lalu
@Kishikiyy_ass,"Sebenernya onic itu klo tanpa kehadiran buts Kya kureng aja di bagian exp,buts punya makro yg mntp terus bisa ngezoning musuh dg ketat",1 hari yang lalu
@sintacitraresmi1627,tuh kan klw Lutfi di exp kan menang ga kaya kemarin terus2an terpuruk,1 hari yang lalu
@junaidy131,Udah moskov mulu push doangğŸ˜‚ğŸ˜‚ğŸ˜‚,1 hari yang lalu
@junaidy131,Cadera ngapain push doang,1 hari yang lalu
@ArtanNabil-k3o,Alhamdulillah aku tidur tenang hari ini,1 hari yang lalu
@adentis387,baloy mekanik udah tua banyak miss skill,1 hari yang lalu
@auliaizzatunisa9724,Beda kalau yg di mainkan lutpi lebih enak menontonya,1 hari yang lalu
@UlrichYT14,Helcurt buat siapa,1 hari yang lalu
@Aarr_Vanzzztxz,Ngide pake helcurt,1 hari yang lalu
@kadekrandika5876,Real gendong savero,1 hari yang lalu
@lopoajh239,jangan berharap terlalu tinggi,1 hari yang lalu
@heheheheo9560,The seblakers,1 hari yang lalu
@CeceAndalan,@ iya aku the seblakers ğŸ˜œ,1 hari yang lalu
@CeceAndalan,Â @lopoajh239Â  doa yg baikâ€ biar yg dtg yg baikâ€ ğŸ˜ƒ,1 hari yang lalu
@Gass-m7v,amin,1 hari yang lalu
@oreocomint,What's wrong with u? Lmao,1 hari yang lalu
@vendipradana7666,@oreocomintÂ  I AM ANGRY,1 hari yang lalu
@hezkieofficial1445,Berarti emang di dia kunci nya,1 hari yang lalu
@Fav1annnnn,Ryouta dark system is reaL,1 hari yang lalu
@pixelmeter1402,"Nggak jelas itu yang suruh pick Hellcurt. Nggak ada yang nahan Joy, keenakan jadinya si Joy",1 hari yang lalu (diedit)
@Raimuraimu_4,P,1 hari yang lalu
@enggarsaputra3565,Sejak saat ini Ryota auto pensi ğŸ˜‚ rezzh bagus cuma gak nyambung montage nya tapi lutpi stabil bgt udah kayak butss jagaain mm,1 hari yang lalu
@yorrinespinoza,"Heran sama bude masih aja pake bahasa inggris huhğŸ˜¤, kairi aja ngomong jawab pake bahasa Indonesia trs.",1 hari yang lalu
@jamiajeffries-t1n,"Keren banget bang ğŸ˜‚ , Salam JePE â­ğ—ªğ—˜ğ—§ğ—¢ğ—¡ğŸ´ğŸ´",1 hari yang lalu
@briarrowanmarisela-n1b,"di ajakin abang w main di weton benaran g*cor parah ,langanan 3 hari sekali dapat terus uang jajan cek google ğŸš©ğ—ªğ—˜ğ—§ğ—¢ğ—¡ğŸ´ğŸ´ ğŸš©",1 hari yang lalu
@ryleighhunterpool-n5x,Akhirrrnyaaa bagus konten abang !! luar biasa coba main di â­ğ—ªğ—˜ğ—§ğ—¢ğ—¡ğŸ´ğŸ´,1 hari yang lalu
@stephengall-w9z,yang pro aja bang di Weton88 ğŸ‘,1 hari yang lalu
@amiyaheverscatherineshelby-z3u,yang pro aja bang di Weton88 ğŸ‘,1 hari yang lalu
@barrettshaynacuster-m5h,Awal kebangkitan cuan pasti di WETON88,1 hari yang lalu
@zunigaasasamples-d5j,Akhirnya yg di tunggu2ğŸ˜ ğ—ªğ—˜ğ—§ğ—¢ğ—¡ğŸ´ğŸ´,1 hari yang lalu
@ivannazapatacarterpark-l6z,weton88 keren banget ğŸ˜Š,1 hari yang lalu
@hamzamarks-v6b,"Gak pernah gagal,weton88ğŸ”¥",1 hari yang lalu
@marlenegilmore-f1s,"Suka banget bang sama konten abang , jangan lupa ences di Weton88 gampang pecah",1 hari yang lalu
@justineannalisejudd-h7h,"nih saya kasih ilmu , main di ğŸš©ğ—ªğ—˜ğ—§ğ—¢ğ—¡ğŸ´ğŸ´ !!ğŸš© gak usah pusing pola dll gas main dapat hasil wd dah gampang",1 hari yang lalu
@nickfossmadalynn-l1y,Akhirrrnyaaa bagus konten abang !! luar biasa coba main di â­ğ—ªğ—˜ğ—§ğ—¢ğ—¡ğŸ´ğŸ´,1 hari yang lalu
@sargentlonglewandowski-x3d,yang pro aja bang di Weton88 ğŸ‘,1 hari yang lalu
@shaniyasikesarturo-x3x,0:01 YOo coba di Weton88 modal 5k aja bisa jepee â­,1 hari yang lalu
@mainshore-p8k,Maaf terlambat bang semangat ya Salam ğ—ªğ—˜ğ—§ğ—¢ğ—¡ğŸ´ğŸ´! gampang Jepe,1 hari yang lalu
@tomlinsonbryanna-k2u,"ke 3 bang ,salam jepe Weton88",1 hari yang lalu
@peasenathanaelcruse-w6z,"Keren sih ğ—ªğ—˜ğ—§ğ—¢ğ—¡ğŸ´ğŸ´, main bentar auto jepe.",1 hari yang lalu
@oreocomint,Fact,1 hari yang lalu
@LukmanMengg,Ryouta+CW ga si,1 hari yang lalu
@albizaranjar2106,ryota lebih oke daripada rezz jauh malahan ryota aja baru,23 jam yang lalu
@hannieyys,"kalo bude pake bahasa Indonesia, takutnya ada bbrp yg ga dipahami sm kairi, walau kairi menjawab pake bahasa indo, belum tentu kairi paham kalo bude seandainya pakai bahasa indo. ya justru bagus dong kalo bude pake bahasa Inggris tapi kairi nya pake bahasa indo.",1 hari yang lalu
@titoiskandar5574,Itu namanya rules jd host,1 hari yang lalu
@yorrinespinoza,Â @titoiskandar5574Â  eek kalo mules,1 hari yang lalu
@ViollinneElizabeth,"Biar artinya lebih spesifik, soalnya kadang kairi kalau ditanya pake bahasa indonesia juga masih kebingungan, apalagi kalau pake kata2 yg jarang dipake dalam pembicaraan sehari2.ğŸ˜Š",1 hari yang lalu
@skylapointedashawnmaxwell-b9z,"Keren banget bang ğŸ˜‚ , Salam JePE â­ğ—ªğ—˜ğ—§ğ—¢ğ—¡ğŸ´ğŸ´",1 hari yang lalu
@jesustobiasfields-o9r,ğŸ¤‘ ğ—ªğ—˜ğ—§ğ—¢ğ—¡ğŸ´ğŸ´ ğŸ¤‘,1 hari yang lalu
@angelinacardwelldaysha-o9h,0:02 Wah keren Weton88 terbaik menang mudah,1 hari yang lalu
@esmeraldaleifolivo-o5q,Makin yakin abis baca review lain tentang âœŒâœŒWeton88.,1 hari yang lalu
@sloanjakelau-t9h,yang pro aja bang di Weton88 ğŸ‘,1 hari yang lalu
@genevadouglassbianco-k6c,Streamer favorit â¤ dan selalu menunggu update terbarunya ğŸ˜ğŸ˜ semangat terus bang ğŸ’ªğŸ’ª salam Jepe ğ—ªğ—˜ğ—§ğ—¢ğ—¡ğŸ´ğŸ´,1 hari yang lalu
@shawnkempfrancescasatterfi-k6p,"di ajakin abang w main di weton benaran g*cor parah ,langanan 3 hari sekali dapat terus uang jajan cek google ğŸš©ğ—ªğ—˜ğ—§ğ—¢ğ—¡ğŸ´ğŸ´ ğŸš©",1 hari yang lalu
@frymatteo-z1f,"gacir banget, main di ğ—ªğ—˜ğ—§ğ—¢ğ—¡ğŸ´ğŸ´",1 hari yang lalu
@noellepickering-s5x,"Sempet coba yang lain tapi gak semanis di ğŸš©Weton88ğŸš© ,sering ngasih wede bang coba deh cari aja di google",1 hari yang lalu
@dajahdenson-j5t,"Keren banget bang ğŸ˜‚ , Salam JePE â­ğ—ªğ—˜ğ—§ğ—¢ğ—¡ğŸ´ğŸ´",1 hari yang lalu
@madalynahmedwinstead-i7l,"Cakep Kali ğŸš©ğ—ªğ—˜ğ—§ğ—¢ğ—¡ğŸ´ğŸ´ğŸš©, Bravo..",1 hari yang lalu
@vivianbobarth-h1e,emng bener kemarin udah coba di probet hari ini mau gas lagi ahh ğŸš©ğ—ªğ—˜ğ—§ğ—¢ğ—¡ğŸ´ğŸ´ğŸš© kawan berbuah manis,1 hari yang lalu
@rosenthalgissellerosenberg-g7g,"Keren sih ğ—ªğ—˜ğ—§ğ—¢ğ—¡ğŸ´ğŸ´, main bentar auto jepe.",1 hari yang lalu
@thigpenainsleyduval-y5k,Sukaaa bangettt sama â­ğ—ªğ—˜ğ—§ğ—¢ğ—¡ğŸ´ğŸ´,1 hari yang lalu
@hayleekilpatrickamari-f7u,"nih saya kasih ilmu , main di ğŸš©ğ—ªğ—˜ğ—§ğ—¢ğ—¡ğŸ´ğŸ´ !!ğŸš© gak usah pusing pola dll gas main dapat hasil wd dah gampang",1 hari yang lalu
@AhmadFauzan-b9h,Lutpi cacingan,1 hari yang lalu
@ueeeee-wesss,Adi tidur tenang malam ini,2 hari yang lalu
@Biji100,moskov mulu sih,2 hari yang lalu
@Amin98O4n,Modal yang saya peroleh dari ğ˜‹ O ğ‘ Ğ ğŸ½ ğŸ½ membuat saya lebih percaya diri berwirausaha. ğŸŒ,2 hari yang lalu
@NhiS8Ai9,D ğ˜– ğ˜™ ğ˜ˆ ğŸ© ğŸ½ menyediakan platform untuk relaksasi dan hiburan. ğŸ˜Œ,2 hari yang lalu
@IyanD20,Tidur pun sodap nih wkwk,1 hari yang lalu
@Rayaz09,adi:yg penting zona aman lah yğŸ˜…,1 hari yang lalu
@wirosandika7047,WkowkoğŸ˜‚,1 hari yang lalu
@raandyandy4489,WkkwkwwkkwkwkwkwkwkwkwkwkwkwkwkwwkwkwkwkwkwkwkwkwkwwkkğŸ˜‚ğŸ˜‚,1 hari yang lalu
@sirvincent11,wkwkwkğŸ¤£,1 hari yang lalu
@meetjenga,Wkkwkwwkwkkw,1 hari yang lalu
@ViollinneElizabeth,Fiuh ga jadi dipecat - adi,1 hari yang lalu
@Novan09-nf9lv,Emak lu suruh make layla aja ğŸ˜‚,2 hari yang lalu
@RinaxMPB7,"Hasil nyata di D ğ ğ˜™ ğ´ 7 7 mengantar saya, dari penjual kaki lima jadi pengusaha restoran. ğŸŸ",2 hari yang lalu
@Amir9VROo,"Makasih ğ· ğ ğ‘ ğ€ ğŸ½ ğŸ½,rezeki datang terus tanpa henti! ğŸ¤º",2 hari yang lalu
@AishalPDxo,Modal yang diperoleh dari ğ· ğ˜– ğ‘ ğ˜ˆ ğŸ© ğŸ³ memberikan saya kepercayaan dalam berwirausaha. ğŸ«,2 hari yang lalu
@BudiM56hk,"Bermain di ğ˜‹ Ğ• W ğ˜¼ D O ğ™ Ğ mengubah hidup saya, dari kuli bangunan jadi pemilik kontraktor. ğŸš€",2 hari yang lalu
@AishaIjMJy,"Penasaran sama cerita orang-orang yang menang besar di D ğ‘‚ ğ‘… ğ˜ˆ ğŸ© ğŸ©,akhirnya coba dan langsung dapet rezeki besar! ğŸš–",2 hari yang lalu
@Chenh6c8p,"Jika Anda menghargai kinerja yang konsisten, ğ˜‹ ğ‘‚ Ğ¯ Ğ ğŸ½ ğŸ©-layak dipertimbangkan. ğŸ™",2 hari yang lalu
@Kavigeb3m,"Mantap sekali! Main di ğ˜¿ ğ˜– R ğ´ ğŸ³ ğŸ©-lancar, cuan pun lancar jaya! ğŸ¸",2 hari yang lalu
@HarutopIbxs,"ğ˜¿ ğ„ ğ– ğ˜ˆ ğ˜¿ ğ‘‚ ğ˜™ ğ€emang top notch, highly recommended buat semua kalangan! ğŸ•Š",2 hari yang lalu
@RinakdquX,"ğƒ ğ R ğ˜ˆ ğŸ© ğŸ½bikin hidup makin berwarna, cuan gak berhenti! ğŸ™",2 hari yang lalu
@IndraIZFyE,"Berkat ğ˜‹ ğ„ ğ‘Š ğ€ D O ğ˜™ A saya melesat, dari penjual pulsa ke pemilik gerai elektronik. ğŸ¥®",2 hari yang lalu
@AliQylL8,"Gak mau lama-lama, langsung gacir! Cuma di ğ˜‹ E ğ‘Š ğ´ ğ˜‹ ğ‘‚ ğ‘… ğ€-rezeki datang tanpa diduga! âœˆ",2 hari yang lalu
@Yunakws1R,"Gacir terus tiap main di ğ˜¿ ğ„ W ğ€ ğ˜‹ Ğ ğ‘… ğ˜ˆ,bener-bener puas banget! â›¹",2 hari yang lalu
@KaoriygfPc,Berkat ğ˜‹ ğ˜Œ ğ˜ Ğ ğ˜‹ ğ‘‚ R A saya mendapatkan dana yang mendukung pertumbuhan usaha. ğŸ¦˜,2 hari yang lalu
@AishaNisSh,Modal usaha saya semakin kuat berkat keuntungan dari ğ· E ğ‘Š ğ˜¼ ğ˜‹ O ğ‘… ğ´. ğŸ˜,2 hari yang lalu
@cucakruwu5532,07:49 in game,2 hari yang lalu
@blckyoya,The goat kairi!!!,2 hari yang lalu
@SurantaSembiring-hz1hn,Uhuuu,2 hari yang lalu
@jidannovfiandri3625,PertamağŸ˜,2 hari yang lalu
@didinagustin6000,Gilak sanz,2 hari yang lalu
@deviamadudin8396,First,2 hari yang lalu
@AlyavAR4c,"Baru mekswin di Mahjong, seru banget",1 hari yang lalu
@MeilLUoX,"Makswin brusan di Gates, GG banget",1 hari yang lalu
@YukibshhR,"Jepe terus tiap maen, nggak prnh gagal",1 hari yang lalu
@SitiGyKq2,"Swert Bonanja gacir pol, nggak prnh zonk",1 hari yang lalu
@TariqlmRR6,"Gates gacir banget, udh jepek lagi",1 hari yang lalu
@TinamoRlz,"Gila, dapet petir merah brusan di Gates",1 hari yang lalu
@DitaeZ5O7,"sketer terus keluar, auto wede tiap hari",1 hari yang lalu
@Yukicib0U,"Jepe pertama kali maen, puas banget",1 hari yang lalu
@AmirpLClp,"Baru coba, lgsng makswin",1 hari yang lalu
@LeviRtCFD,Modal kecil lgsng jepek di Gates,1 hari yang lalu
@GitaTn6Ag,"Petir merah muncul terus, auto makswin",1 hari yang lalu
@SititKM2e,"Jepe terus tiap kali maen, puas banget",1 hari yang lalu
@Riko9MRzB,Petir merah di Gates bikin aku mekswin,1 hari yang lalu
@RikojnyTB,"Wede gampang, situsnya terpercaya banget",1 hari yang lalu
@HanaeQ5b2,"Baru maen lgsng jepek, wede lancar banget",1 hari yang lalu
@SakuraOTbyU,"Wede cepat dan proses gampang, recommended",1 hari yang lalu
@SitiMbY1T,"Wede 2 kali hari ini, gacir bener sih",1 hari yang lalu
@AmirvMLt8,"Wede lagi hari ini, gacir banget sih ini",1 hari yang lalu
@Rina4T2YE,"Swert Bonanja makswin, puas banget",1 hari yang lalu
@RajFDQWh,"Gates gacur banget hari ini, auto wede",1 hari yang lalu
@Daniho361,"Swert Bonanja gacir banget hari ini, mantul",1 hari yang lalu
@IvanZwcqi,"Wede aman, sketer sering keluar banget",1 hari yang lalu
@DaniebuFL,"sketer muncul terus, auto jepek",1 hari yang lalu
@LiamMGzb7,"Swert Bonanja gacir parah, wajib coba sih",1 hari yang lalu
@LevieB2V2,"Swert Bonanja gacir parah, wajib coba sih",1 hari yang lalu
@enjomg,"Modal receh jadi makswin, GG sih ini",1 hari yang lalu
@EdDieupwu,"WD lancar banget, nggak pake ribet",1 hari yang lalu
@Dumawgu9,"Dak sangko eh, nyoba-nyoba ternyata dapet",1 hari yang lalu
@Dossxhdc,"Modal kecil gacur, lgsng jepe brusan",1 hari yang lalu
@Dickyvtiw,"Top up gampang, wede juga cepet banget",1 hari yang lalu
@Desisafitribhs9,"Awalnya coba-coba, eh malah untung gede",1 hari yang lalu
@user-sd4zj2wo3q,Nggak nyesel sama sekali nyobain ini,1 hari yang lalu
@Delianakyrr,"Swert Bonanja gacir banget hari ini, mantul",1 hari yang lalu
@Deslinaejfu,"Hasilnya bikin puas, nggak bohong sama sekali",1 hari yang lalu
@Costevejyb,"sketer muncul terus, auto jepek",1 hari yang lalu
@Chuikovyrwp,ngeselin nih yg kek gini,1 hari yang lalu
@Chanquka,"Baru jepe 2 kali, wede lancar banget",1 hari yang lalu
@Cantipmnez,"Seru banget, hasilnya di luar dugaan",1 hari yang lalu
@Cakehskt,"Hasilnya di luar ekspektasi, puas banget",1 hari yang lalu
@Suubaariydqg,Nyoba iseng aja tapi dapetnya gede,1 hari yang lalu
@Sorayaawe9,"Swert Bonanja gacir, modal kecil jepek",1 hari yang lalu
@Shyylaapnt4,"Awalnya coba-coba, eh malah untung gede",1 hari yang lalu
@Salbiahojs4,Modal kecil lgsng jepek di Gates,1 hari yang lalu
@Roycomtjc,Rejeki nambah terus setelah nyobain ini,1 hari yang lalu
@Qamarinairvz,Ngawur,1 hari yang lalu
@Prabaswariaffg,"Gates gacur banget hari ini, auto wede",1 hari yang lalu
@Pelumbuhnmd,"Asli ini gampang, hasilnya memuaskan banget",1 hari yang lalu
@Oscaruec9,"Nggak nyangka hasilnya segede ini, keren banget",1 hari yang lalu
@Nurfadillahwwtp,"sketer terus keluar, auto wede tiap hari",1 hari yang lalu
@Nelcix9bo,"Wede 2 kali hari ini, sketer terus",1 hari yang lalu
@Nagitanfpj,"Beneran gampang, hasilnya bikin puas",1 hari yang lalu
